timestamp,P2
2018-01-01 03:00:00+03:00,9.456326530612245
2018-01-01 04:00:00+03:00,9.400833333333333
2018-01-01 05:00:00+03:00,9.331458333333334
2018-01-01 06:00:00+03:00,9.528775510204081
2018-01-01 07:00:00+03:00,8.86125
2018-01-01 08:00:00+03:00,8.334375
2018-01-01 09:00:00+03:00,7.966458333333333
2018-01-01 10:00:00+03:00,7.979791666666666
2018-01-01 11:00:00+03:00,8.601666666666667
2018-01-01 12:00:00+03:00,9.273958333333333
2018-01-01 13:00:00+03:00,9.672916666666667
2018-01-01 14:00:00+03:00,10.103125
2018-01-01 15:00:00+03:00,9.747083333333334
2018-01-01 16:00:00+03:00,9.987916666666667
2018-01-01 17:00:00+03:00,10.140612244897959
2018-01-01 18:00:00+03:00,10.290625
2018-01-01 19:00:00+03:00,10.335833333333333
2018-01-01 20:00:00+03:00,10.674999999999999
2018-01-01 21:00:00+03:00,10.926875
2018-01-01 22:00:00+03:00,11.127708333333333
2018-01-01 23:00:00+03:00,13.322708333333333
2018-01-02 00:00:00+03:00,13.640625
2018-01-02 01:00:00+03:00,9.029791666666666
2018-01-02 02:00:00+03:00,6.820208333333333
2018-01-02 03:00:00+03:00,11.200208333333334
2018-01-02 04:00:00+03:00,10.143333333333333
2018-01-02 05:00:00+03:00,8.842857142857143
2018-01-02 06:00:00+03:00,10.355208333333334
2018-01-02 07:00:00+03:00,12.352291666666666
2018-01-02 08:00:00+03:00,11.792083333333332
2018-01-02 09:00:00+03:00,10.525
2018-01-02 10:00:00+03:00,7.9044897959183675
2018-01-02 11:00:00+03:00,7.956875
2018-01-02 12:00:00+03:00,9.189166666666667
2018-01-02 13:00:00+03:00,9.234375
2018-01-02 14:00:00+03:00,10.507708333333333
2018-01-02 15:00:00+03:00,10.526458333333332
2018-01-02 16:00:00+03:00,10.574897959183673
2018-01-02 17:00:00+03:00,10.295
2018-01-02 18:00:00+03:00,11.000625
2018-01-02 19:00:00+03:00,10.981250000000001
2018-01-02 20:00:00+03:00,11.171666666666667
2018-01-02 21:00:00+03:00,11.191666666666668
2018-01-02 22:00:00+03:00,11.297083333333333
2018-01-02 23:00:00+03:00,10.979999999999999
2018-01-03 00:00:00+03:00,10.353333333333333
2018-01-03 01:00:00+03:00,10.1875
2018-01-03 02:00:00+03:00,10.10125
2018-01-03 03:00:00+03:00,10.605416666666667
2018-01-03 04:00:00+03:00,10.416666666666666
2018-01-03 05:00:00+03:00,10.013061224489796
2018-01-03 06:00:00+03:00,10.362083333333333
2018-01-03 07:00:00+03:00,10.152708333333333
2018-01-03 08:00:00+03:00,10.270208333333334
2018-01-03 09:00:00+03:00,9.41
2018-01-03 10:00:00+03:00,10.092083333333333
2018-01-03 11:00:00+03:00,10.946666666666667
2018-01-03 12:00:00+03:00,11.659374999999999
2018-01-03 13:00:00+03:00,11.744166666666667
2018-01-03 14:00:00+03:00,11.979375
2018-01-03 15:00:00+03:00,11.942916666666667
2018-01-03 16:00:00+03:00,11.935208333333334
2018-01-03 17:00:00+03:00,11.923333333333334
2018-01-03 18:00:00+03:00,11.776666666666666
2018-01-03 19:00:00+03:00,12.530000000000001
2018-01-03 20:00:00+03:00,12.906875
2018-01-03 21:00:00+03:00,8.174791666666666
2018-01-03 22:00:00+03:00,5.947500000000001
2018-01-03 23:00:00+03:00,11.049583333333333
2018-01-04 00:00:00+03:00,8.676041666666666
2018-01-04 01:00:00+03:00,5.989166666666667
2018-01-04 02:00:00+03:00,6.026875
2018-01-04 03:00:00+03:00,4.597708333333333
2018-01-04 04:00:00+03:00,6.892499999999999
2018-01-04 05:00:00+03:00,7.366595744680851
2018-01-04 06:00:00+03:00,6.943617021276596
2018-01-04 07:00:00+03:00,14.387083333333335
2018-01-04 08:00:00+03:00,18.493333333333332
2018-01-04 09:00:00+03:00,14.932083333333333
2018-01-04 10:00:00+03:00,11.398541666666667
2018-01-04 11:00:00+03:00,7.900208333333333
2018-01-04 12:00:00+03:00,6.876666666666666
2018-01-04 13:00:00+03:00,4.291875
2018-01-04 14:00:00+03:00,3.25625
2018-01-04 15:00:00+03:00,2.8502083333333332
2018-01-04 16:00:00+03:00,3.3502083333333332
2018-01-04 17:00:00+03:00,4.007291666666666
2018-01-04 18:00:00+03:00,3.586530612244898
2018-01-04 19:00:00+03:00,3.8520833333333333
2018-01-04 20:00:00+03:00,4.505416666666666
2018-01-04 21:00:00+03:00,4.188958333333333
2018-01-04 22:00:00+03:00,5.222708333333333
2018-01-04 23:00:00+03:00,4.970416666666667
2018-01-05 00:00:00+03:00,5.335
2018-01-05 01:00:00+03:00,6.239999999999999
2018-01-05 02:00:00+03:00,10.314791666666666
2018-01-05 03:00:00+03:00,10.747291666666667
2018-01-05 04:00:00+03:00,7.155
2018-01-05 05:00:00+03:00,7.113061224489797
2018-01-05 06:00:00+03:00,7.535
2018-01-05 07:00:00+03:00,7.547499999999999
2018-01-05 08:00:00+03:00,7.879166666666666
2018-01-05 09:00:00+03:00,7.789166666666667
2018-01-05 10:00:00+03:00,8.326666666666666
2018-01-05 11:00:00+03:00,9.12951219512195
2018-01-05 12:00:00+03:00,8.356111111111112
2018-01-05 13:00:00+03:00,6.456944444444444
2018-01-05 14:00:00+03:00,4.955277777777778
2018-01-05 15:00:00+03:00,4.295
2018-01-05 16:00:00+03:00,4.405
2018-01-05 17:00:00+03:00,4.5175
2018-01-05 18:00:00+03:00,5.862500000000001
2018-01-05 19:00:00+03:00,5.985277777777778
2018-01-05 20:00:00+03:00,6.025
2018-01-05 21:00:00+03:00,7.094285714285714
2018-01-05 22:00:00+03:00,7.870277777777777
2018-01-05 23:00:00+03:00,7.769444444444444
2018-01-06 00:00:00+03:00,7.942777777777778
2018-01-06 01:00:00+03:00,12.06972972972973
2018-01-06 02:00:00+03:00,11.404722222222222
2018-01-06 03:00:00+03:00,10.67388888888889
2018-01-06 04:00:00+03:00,11.316666666666666
2018-01-06 05:00:00+03:00,11.372222222222224
2018-01-06 06:00:00+03:00,11.426944444444445
2018-01-06 07:00:00+03:00,10.796944444444444
2018-01-06 08:00:00+03:00,8.983055555555556
2018-01-06 09:00:00+03:00,7.191388888888889
2018-01-06 10:00:00+03:00,10.5025
2018-01-06 11:00:00+03:00,10.664722222222222
2018-01-06 12:00:00+03:00,10.716111111111111
2018-01-06 13:00:00+03:00,11.214722222222223
2018-01-06 14:00:00+03:00,10.97
2018-01-06 15:00:00+03:00,9.658285714285714
2018-01-06 16:00:00+03:00,10.042432432432433
2018-01-06 17:00:00+03:00,10.028333333333332
2018-01-06 18:00:00+03:00,10.514166666666666
2018-01-06 19:00:00+03:00,11.339444444444446
2018-01-06 20:00:00+03:00,11.126666666666667
2018-01-06 21:00:00+03:00,10.385555555555555
2018-01-06 22:00:00+03:00,10.322222222222223
2018-01-06 23:00:00+03:00,11.595277777777778
2018-01-07 00:00:00+03:00,12.07861111111111
2018-01-07 01:00:00+03:00,11.379444444444445
2018-01-07 02:00:00+03:00,11.775277777777779
2018-01-07 03:00:00+03:00,10.744444444444445
2018-01-07 04:00:00+03:00,10.088611111111112
2018-01-07 05:00:00+03:00,10.091944444444444
2018-01-07 06:00:00+03:00,9.061944444444444
2018-01-07 07:00:00+03:00,6.006111111111111
2018-01-07 08:00:00+03:00,8.932222222222222
2018-01-07 09:00:00+03:00,10.473333333333334
2018-01-07 10:00:00+03:00,10.593055555555557
2018-01-07 11:00:00+03:00,11.697222222222223
2018-01-07 12:00:00+03:00,11.584324324324324
2018-01-07 13:00:00+03:00,10.377222222222223
2018-01-07 14:00:00+03:00,8.978611111111112
2018-01-07 15:00:00+03:00,8.073333333333332
2018-01-07 16:00:00+03:00,7.964722222222223
2018-01-07 17:00:00+03:00,8.98027777777778
2018-01-07 18:00:00+03:00,9.193888888888889
2018-01-07 19:00:00+03:00,9.028055555555556
2018-01-07 20:00:00+03:00,9.408055555555556
2018-01-07 21:00:00+03:00,9.459722222222222
2018-01-07 22:00:00+03:00,9.728055555555555
2018-01-07 23:00:00+03:00,10.153783783783783
2018-01-08 00:00:00+03:00,9.846944444444444
2018-01-08 01:00:00+03:00,9.967714285714285
2018-01-08 02:00:00+03:00,10.018378378378378
2018-01-08 03:00:00+03:00,9.739444444444445
2018-01-08 04:00:00+03:00,10.240833333333335
2018-01-08 05:00:00+03:00,12.75611111111111
2018-01-08 06:00:00+03:00,10.255
2018-01-08 07:00:00+03:00,9.689444444444444
2018-01-08 08:00:00+03:00,9.431388888888888
2018-01-08 09:00:00+03:00,14.555277777777778
2018-01-08 10:00:00+03:00,15.868571428571428
2018-01-08 11:00:00+03:00,14.229375
2018-01-08 12:00:00+03:00,10.288222222222222
2018-01-08 13:00:00+03:00,9.020526315789473
2018-01-08 14:00:00+03:00,8.257567567567568
2018-01-08 15:00:00+03:00,7.668157894736842
2018-01-08 16:00:00+03:00,8.011666666666667
2018-01-08 17:00:00+03:00,9.328461538461537
2018-01-08 18:00:00+03:00,11.163599999999999
2018-01-08 19:00:00+03:00,9.954642857142858
2018-01-08 20:00:00+03:00,10.607777777777777
2018-01-08 21:00:00+03:00,9.692222222222222
2018-01-08 22:00:00+03:00,9.403333333333332
2018-01-08 23:00:00+03:00,9.158055555555556
2018-01-09 00:00:00+03:00,9.725833333333334
2018-01-09 01:00:00+03:00,9.155
2018-01-09 02:00:00+03:00,8.763333333333334
2018-01-09 03:00:00+03:00,8.864722222222222
2018-01-09 04:00:00+03:00,9.603611111111112
2018-01-09 05:00:00+03:00,10.432777777777778
2018-01-09 06:00:00+03:00,10.690555555555555
2018-01-09 07:00:00+03:00,10.557222222222222
2018-01-09 08:00:00+03:00,11.713611111111112
2018-01-09 09:00:00+03:00,10.562857142857142
2018-01-09 10:00:00+03:00,10.012222222222222
2018-01-09 11:00:00+03:00,8.304
2018-01-09 12:00:00+03:00,6.388709677419355
2018-01-09 13:00:00+03:00,7.277368421052632
2018-01-09 14:00:00+03:00,9.758181818181818
2018-01-09 15:00:00+03:00,6.653333333333333
2018-01-09 16:00:00+03:00,6.097916666666666
2018-01-09 17:00:00+03:00,7.945
2018-01-09 18:00:00+03:00,8.183333333333334
2018-01-09 19:00:00+03:00,9.3375
2018-01-09 20:00:00+03:00,13.429166666666667
2018-01-09 21:00:00+03:00,13.095833333333333
2018-01-09 22:00:00+03:00,14.456249999999999
2018-01-09 23:00:00+03:00,15.1875
2018-01-10 00:00:00+03:00,14.83
2018-01-10 01:00:00+03:00,15.38
2018-01-10 02:00:00+03:00,15.11875
2018-01-10 03:00:00+03:00,17.180833333333332
2018-01-10 04:00:00+03:00,16.550416666666667
2018-01-10 05:00:00+03:00,15.476666666666667
2018-01-10 06:00:00+03:00,17.009583333333335
2018-01-10 07:00:00+03:00,16.747083333333332
2018-01-10 08:00:00+03:00,15.430833333333334
2018-01-10 09:00:00+03:00,11.139583333333334
2018-01-10 10:00:00+03:00,11.19217391304348
2018-01-10 11:00:00+03:00,17.59958333333333
2018-01-10 12:00:00+03:00,15.90875
2018-01-10 13:00:00+03:00,15.085
2018-01-10 14:00:00+03:00,12.96125
2018-01-10 15:00:00+03:00,16.580434782608698
2018-01-10 16:00:00+03:00,17.091666666666665
2018-01-10 17:00:00+03:00,17.73875
2018-01-10 18:00:00+03:00,16.550833333333333
2018-01-10 19:00:00+03:00,14.95125
2018-01-10 20:00:00+03:00,15.112083333333333
2018-01-10 21:00:00+03:00,13.365833333333335
2018-01-10 22:00:00+03:00,12.804583333333333
2018-01-10 23:00:00+03:00,12.430833333333332
2018-01-11 00:00:00+03:00,11.14
2018-01-11 01:00:00+03:00,10.9475
2018-01-11 02:00:00+03:00,11.159166666666666
2018-01-11 03:00:00+03:00,12.489166666666668
2018-01-11 04:00:00+03:00,12.924999999999999
2018-01-11 05:00:00+03:00,13.176666666666668
2018-01-11 06:00:00+03:00,11.606666666666667
2018-01-11 07:00:00+03:00,13.055
2018-01-11 08:00:00+03:00,14.4975
2018-01-11 09:00:00+03:00,6.75125
2018-01-11 10:00:00+03:00,13.120416666666666
2018-01-11 11:00:00+03:00,18.257826086956523
2018-01-11 12:00:00+03:00,13.799545454545454
2018-01-11 13:00:00+03:00,11.859130434782609
2018-01-11 14:00:00+03:00,7.806086956521739
2018-01-11 15:00:00+03:00,6.087083333333333
2018-01-11 16:00:00+03:00,6.336666666666667
2018-01-11 17:00:00+03:00,7.21625
2018-01-11 18:00:00+03:00,7.791250000000001
2018-01-11 19:00:00+03:00,8.575217391304347
2018-01-11 20:00:00+03:00,9.7075
2018-01-11 21:00:00+03:00,12.650833333333333
2018-01-11 22:00:00+03:00,16.017916666666668
2018-01-11 23:00:00+03:00,13.342500000000001
2018-01-12 00:00:00+03:00,11.650416666666667
2018-01-12 01:00:00+03:00,11.202916666666667
2018-01-12 02:00:00+03:00,10.664166666666667
2018-01-12 03:00:00+03:00,10.426666666666668
2018-01-12 04:00:00+03:00,10.350416666666666
2018-01-12 05:00:00+03:00,10.697083333333333
2018-01-12 06:00:00+03:00,10.749583333333334
2018-01-12 07:00:00+03:00,12.055416666666666
2018-01-12 08:00:00+03:00,12.79625
2018-01-12 09:00:00+03:00,11.129583333333334
2018-01-12 10:00:00+03:00,11.1325
2018-01-12 11:00:00+03:00,11.497916666666667
2018-01-12 12:00:00+03:00,10.745833333333332
2018-01-12 13:00:00+03:00,11.490869565217393
2018-01-12 14:00:00+03:00,11.470833333333333
2018-01-12 15:00:00+03:00,12.080416666666666
2018-01-12 16:00:00+03:00,12.696666666666667
2018-01-12 17:00:00+03:00,14.193333333333333
2018-01-12 18:00:00+03:00,14.925833333333335
2018-01-12 19:00:00+03:00,15.611666666666666
2018-01-12 20:00:00+03:00,15.7452
2018-01-12 21:00:00+03:00,31.705
2018-01-12 22:00:00+03:00,32.845
2018-01-12 23:00:00+03:00,19.20875
2018-01-13 00:00:00+03:00,13.995
2018-01-13 01:00:00+03:00,10.8925
2018-01-13 02:00:00+03:00,9.7575
2018-01-13 03:00:00+03:00,9.58375
2018-01-13 04:00:00+03:00,9.018749999999999
2018-01-13 05:00:00+03:00,9.34
2018-01-13 06:00:00+03:00,9.7975
2018-01-13 07:00:00+03:00,9.718333333333334
2018-01-13 08:00:00+03:00,9.144166666666667
2018-01-13 09:00:00+03:00,9.460416666666667
2018-01-13 10:00:00+03:00,10.005
2018-01-13 11:00:00+03:00,9.0975
2018-01-13 12:00:00+03:00,9.421176470588236
2018-01-13 13:00:00+03:00,12.235
2018-01-13 14:00:00+03:00,11.270833333333334
2018-01-13 15:00:00+03:00,10.265
2018-01-13 16:00:00+03:00,9.575
2018-01-13 17:00:00+03:00,9.575
2018-01-13 18:00:00+03:00,10.635
2018-01-13 19:00:00+03:00,11.670416666666666
2018-01-13 20:00:00+03:00,11.364166666666668
2018-01-13 21:00:00+03:00,10.469583333333334
2018-01-13 22:00:00+03:00,10.0675
2018-01-13 23:00:00+03:00,10.842916666666667
2018-01-14 00:00:00+03:00,12.057083333333333
2018-01-14 01:00:00+03:00,12.171666666666667
2018-01-14 02:00:00+03:00,11.822916666666666
2018-01-14 03:00:00+03:00,11.183750000000002
2018-01-14 04:00:00+03:00,10.5075
2018-01-14 05:00:00+03:00,10.285
2018-01-14 06:00:00+03:00,10.547083333333333
2018-01-14 07:00:00+03:00,9.650833333333333
2018-01-14 08:00:00+03:00,8.82875
2018-01-14 09:00:00+03:00,9.319583333333334
2018-01-14 10:00:00+03:00,10.377916666666666
2018-01-14 11:00:00+03:00,11.226666666666667
2018-01-14 12:00:00+03:00,10.877916666666666
2018-01-14 13:00:00+03:00,9.287083333333333
2018-01-14 14:00:00+03:00,8.586666666666668
2018-01-14 15:00:00+03:00,8.919583333333334
2018-01-14 16:00:00+03:00,9.142083333333334
2018-01-14 17:00:00+03:00,8.7925
2018-01-14 18:00:00+03:00,8.34125
2018-01-14 19:00:00+03:00,7.53625
2018-01-14 20:00:00+03:00,7.454999999999999
2018-01-14 21:00:00+03:00,7.372083333333333
2018-01-14 22:00:00+03:00,7.738333333333333
2018-01-14 23:00:00+03:00,7.910416666666666
2018-01-15 00:00:00+03:00,8.02
2018-01-15 01:00:00+03:00,8.217916666666666
2018-01-15 02:00:00+03:00,8.643333333333333
2018-01-15 03:00:00+03:00,9.239166666666668
2018-01-15 04:00:00+03:00,9.544583333333334
2018-01-15 05:00:00+03:00,9.719166666666666
2018-01-15 06:00:00+03:00,9.97125
2018-01-15 07:00:00+03:00,11.1775
2018-01-15 08:00:00+03:00,12.17375
2018-01-15 09:00:00+03:00,11.440526315789475
2018-01-15 10:00:00+03:00,11.447222222222223
2018-01-15 11:00:00+03:00,9.551666666666668
2018-01-15 12:00:00+03:00,8.224583333333333
2018-01-15 13:00:00+03:00,8.3925
2018-01-15 14:00:00+03:00,8.559565217391304
2018-01-15 15:00:00+03:00,8.457916666666668
2018-01-15 16:00:00+03:00,8.11875
2018-01-15 17:00:00+03:00,9.762500000000001
2018-01-15 18:00:00+03:00,10.66375
2018-01-15 19:00:00+03:00,10.277083333333334
2018-01-15 20:00:00+03:00,10.55875
2018-01-15 21:00:00+03:00,10.521666666666667
2018-01-15 22:00:00+03:00,10.581249999999999
2018-01-15 23:00:00+03:00,10.05909090909091
2018-01-16 00:00:00+03:00,10.174583333333333
2018-01-16 01:00:00+03:00,10.119583333333333
2018-01-16 02:00:00+03:00,10.164166666666667
2018-01-16 03:00:00+03:00,9.971666666666666
2018-01-16 04:00:00+03:00,10.234166666666667
2018-01-16 05:00:00+03:00,10.413333333333334
2018-01-16 06:00:00+03:00,10.304583333333333
2018-01-16 07:00:00+03:00,10.397499999999999
2018-01-16 08:00:00+03:00,14.07
2018-01-16 09:00:00+03:00,11.216666666666667
2018-01-16 10:00:00+03:00,10.765833333333333
2018-01-16 11:00:00+03:00,10.72125
2018-01-16 12:00:00+03:00,11.922083333333333
2018-01-16 13:00:00+03:00,12.067083333333334
2018-01-16 14:00:00+03:00,11.91125
2018-01-16 15:00:00+03:00,11.1775
2018-01-16 16:00:00+03:00,10.046086956521739
2018-01-16 17:00:00+03:00,10.07
2018-01-16 18:00:00+03:00,10.600833333333334
2018-01-16 19:00:00+03:00,11.694583333333334
2018-01-16 20:00:00+03:00,12.163333333333334
2018-01-16 21:00:00+03:00,12.0175
2018-01-16 22:00:00+03:00,12.254166666666668
2018-01-16 23:00:00+03:00,12.195
2018-01-17 00:00:00+03:00,11.844166666666666
2018-01-17 01:00:00+03:00,12.174999999999999
2018-01-17 02:00:00+03:00,12.16
2018-01-17 03:00:00+03:00,12.189565217391305
2018-01-17 04:00:00+03:00,12.5876
2018-01-17 05:00:00+03:00,12.37782608695652
2018-01-17 06:00:00+03:00,12.488399999999999
2018-01-17 07:00:00+03:00,13.780000000000001
2018-01-17 08:00:00+03:00,16.458333333333332
2018-01-17 09:00:00+03:00,13.79625
2018-01-17 10:00:00+03:00,12.100434782608696
2018-01-17 11:00:00+03:00,13.628750000000002
2018-01-17 12:00:00+03:00,12.17125
2018-01-17 13:00:00+03:00,13.054166666666667
2018-01-17 14:00:00+03:00,12.777083333333332
2018-01-17 15:00:00+03:00,12.4625
2018-01-17 16:00:00+03:00,13.030434782608696
2018-01-17 17:00:00+03:00,11.669166666666667
2018-01-17 18:00:00+03:00,11.340416666666668
2018-01-17 19:00:00+03:00,12.549166666666666
2018-01-17 20:00:00+03:00,13.115416666666667
2018-01-17 21:00:00+03:00,12.707916666666668
2018-01-17 22:00:00+03:00,12.72375
2018-01-17 23:00:00+03:00,13.175416666666665
2018-01-18 00:00:00+03:00,12.952916666666667
2018-01-18 01:00:00+03:00,12.748750000000001
2018-01-18 02:00:00+03:00,12.94375
2018-01-18 03:00:00+03:00,12.678333333333333
2018-01-18 04:00:00+03:00,12.862083333333333
2018-01-18 05:00:00+03:00,13.1475
2018-01-18 06:00:00+03:00,12.89875
2018-01-18 07:00:00+03:00,12.8925
2018-01-18 08:00:00+03:00,12.702916666666667
2018-01-18 09:00:00+03:00,11.591666666666667
2018-01-18 10:00:00+03:00,10.545833333333333
2018-01-18 11:00:00+03:00,12.53875
2018-01-18 12:00:00+03:00,13.14125
2018-01-18 13:00:00+03:00,12.902916666666668
2018-01-18 14:00:00+03:00,12.051666666666668
2018-01-18 15:00:00+03:00,11.926250000000001
2018-01-18 16:00:00+03:00,11.757083333333334
2018-01-18 17:00:00+03:00,11.181666666666667
2018-01-18 18:00:00+03:00,11.989166666666668
2018-01-18 19:00:00+03:00,14.851666666666667
2018-01-18 20:00:00+03:00,15.761666666666665
2018-01-18 21:00:00+03:00,14.766666666666666
2018-01-18 22:00:00+03:00,15.037083333333333
2018-01-18 23:00:00+03:00,15.065416666666666
2018-01-19 00:00:00+03:00,15.200000000000001
2018-01-19 01:00:00+03:00,15.895416666666668
2018-01-19 02:00:00+03:00,15.7025
2018-01-19 03:00:00+03:00,16.39875
2018-01-19 04:00:00+03:00,16.01875
2018-01-19 05:00:00+03:00,14.999583333333334
2018-01-19 06:00:00+03:00,14.7725
2018-01-19 07:00:00+03:00,14.901666666666666
2018-01-19 08:00:00+03:00,13.634583333333333
2018-01-19 09:00:00+03:00,15.634166666666667
2018-01-19 10:00:00+03:00,15.18125
2018-01-19 11:00:00+03:00,13.97086956521739
2018-01-19 12:00:00+03:00,13.915
2018-01-19 13:00:00+03:00,14.155000000000001
2018-01-19 14:00:00+03:00,14.428235294117647
2018-01-19 15:00:00+03:00,16.506521739130434
2018-01-19 16:00:00+03:00,14.078333333333333
2018-01-19 17:00:00+03:00,14.183333333333332
2018-01-19 18:00:00+03:00,14.61
2018-01-19 19:00:00+03:00,14.809166666666668
2018-01-19 20:00:00+03:00,15.590416666666668
2018-01-19 21:00:00+03:00,16.30875
2018-01-19 22:00:00+03:00,16.352083333333333
2018-01-19 23:00:00+03:00,15.804166666666667
2018-01-20 00:00:00+03:00,16.415
2018-01-20 01:00:00+03:00,16.425833333333333
2018-01-20 02:00:00+03:00,17.138749999999998
2018-01-20 03:00:00+03:00,16.970000000000002
2018-01-20 04:00:00+03:00,17.091538461538462
2018-01-20 05:00:00+03:00,17.900833333333335
2018-01-20 06:00:00+03:00,16.558333333333334
2018-01-20 07:00:00+03:00,15.659166666666666
2018-01-20 08:00:00+03:00,14.364166666666668
2018-01-20 09:00:00+03:00,14.980833333333335
2018-01-20 10:00:00+03:00,16.889333333333333
2018-01-20 11:00:00+03:00,16.434583333333332
2018-01-20 12:00:00+03:00,14.981250000000001
2018-01-20 13:00:00+03:00,14.629583333333334
2018-01-20 14:00:00+03:00,15.620833333333332
2018-01-20 15:00:00+03:00,16.365
2018-01-20 16:00:00+03:00,15.763333333333334
2018-01-20 17:00:00+03:00,15.890416666666667
2018-01-20 18:00:00+03:00,16.957916666666666
2018-01-20 19:00:00+03:00,17.22375
2018-01-20 20:00:00+03:00,17.49083333333333
2018-01-20 21:00:00+03:00,17.77
2018-01-20 22:00:00+03:00,17.9025
2018-01-20 23:00:00+03:00,17.807916666666667
2018-01-21 00:00:00+03:00,16.938333333333333
2018-01-21 01:00:00+03:00,18.044583333333332
2018-01-21 02:00:00+03:00,18.060416666666665
2018-01-21 03:00:00+03:00,18.75583333333333
2018-01-21 04:00:00+03:00,19.004583333333333
2018-01-21 05:00:00+03:00,18.733333333333334
2018-01-21 06:00:00+03:00,18.879166666666666
2018-01-21 07:00:00+03:00,16.415652173913042
2018-01-21 08:00:00+03:00,14.552916666666667
2018-01-21 09:00:00+03:00,14.6475
2018-01-21 10:00:00+03:00,16.432083333333335
2018-01-21 11:00:00+03:00,19.090416666666666
2018-01-21 12:00:00+03:00,17.913333333333334
2018-01-21 13:00:00+03:00,17.705416666666668
2018-01-21 14:00:00+03:00,17.1925
2018-01-21 15:00:00+03:00,16.5525
2018-01-21 16:00:00+03:00,16.654999999999998
2018-01-21 17:00:00+03:00,16.861250000000002
2018-01-21 18:00:00+03:00,16.97125
2018-01-21 19:00:00+03:00,16.794166666666666
2018-01-21 20:00:00+03:00,17.097916666666666
2018-01-21 21:00:00+03:00,17.695
2018-01-21 22:00:00+03:00,16.960416666666667
2018-01-21 23:00:00+03:00,16.58625
2018-01-22 00:00:00+03:00,16.331666666666667
2018-01-22 01:00:00+03:00,16.24875
2018-01-22 02:00:00+03:00,15.665
2018-01-22 03:00:00+03:00,15.869166666666667
2018-01-22 04:00:00+03:00,15.802173913043477
2018-01-22 05:00:00+03:00,16.255416666666665
2018-01-22 06:00:00+03:00,16.482499999999998
2018-01-22 07:00:00+03:00,16.26625
2018-01-22 08:00:00+03:00,16.943749999999998
2018-01-22 09:00:00+03:00,15.29695652173913
2018-01-22 10:00:00+03:00,15.876956521739132
2018-01-22 11:00:00+03:00,14.88125
2018-01-22 12:00:00+03:00,14.744782608695653
2018-01-22 13:00:00+03:00,15.423913043478262
2018-01-22 14:00:00+03:00,15.861666666666666
2018-01-22 15:00:00+03:00,16.174166666666668
2018-01-22 16:00:00+03:00,17.73913043478261
2018-01-22 17:00:00+03:00,18.146666666666665
2018-01-22 18:00:00+03:00,19.389583333333334
2018-01-22 19:00:00+03:00,19.712083333333332
2018-01-22 20:00:00+03:00,20.465416666666666
2018-01-22 21:00:00+03:00,22.264166666666668
2018-01-22 22:00:00+03:00,23.46666666666667
2018-01-22 23:00:00+03:00,23.941666666666666
2018-01-23 00:00:00+03:00,25.230833333333333
2018-01-23 01:00:00+03:00,25.105833333333333
2018-01-23 02:00:00+03:00,24.324166666666667
2018-01-23 03:00:00+03:00,23.67
2018-01-23 04:00:00+03:00,23.342916666666667
2018-01-23 05:00:00+03:00,23.78304347826087
2018-01-23 06:00:00+03:00,22.2375
2018-01-23 07:00:00+03:00,20.554166666666667
2018-01-23 08:00:00+03:00,18.657083333333333
2018-01-23 09:00:00+03:00,17.54125
2018-01-23 10:00:00+03:00,15.922916666666666
2018-01-23 11:00:00+03:00,15.979583333333332
2018-01-23 12:00:00+03:00,15.441666666666668
2018-01-23 13:00:00+03:00,14.326666666666666
2018-01-23 14:00:00+03:00,16.148095238095237
2018-01-23 15:00:00+03:00,15.583913043478262
2018-01-23 16:00:00+03:00,15.350416666666668
2018-01-23 17:00:00+03:00,15.582916666666668
2018-01-23 18:00:00+03:00,15.754583333333334
2018-01-23 19:00:00+03:00,16.170416666666664
2018-01-23 20:00:00+03:00,16.476666666666667
2018-01-23 21:00:00+03:00,15.80625
2018-01-23 22:00:00+03:00,15.576666666666668
2018-01-23 23:00:00+03:00,16.675833333333333
2018-01-24 00:00:00+03:00,15.624166666666667
2018-01-24 01:00:00+03:00,15.138399999999999
2018-01-24 02:00:00+03:00,14.452916666666667
2018-01-24 03:00:00+03:00,14.465000000000002
2018-01-24 04:00:00+03:00,14.628749999999998
2018-01-24 05:00:00+03:00,14.679583333333333
2018-01-24 06:00:00+03:00,14.879583333333334
2018-01-24 07:00:00+03:00,16.755416666666665
2018-01-24 08:00:00+03:00,15.948260869565217
2018-01-24 09:00:00+03:00,12.1108
2018-01-24 10:00:00+03:00,24.652608695652173
2018-01-24 11:00:00+03:00,17.814583333333335
2018-01-24 12:00:00+03:00,15.835833333333333
2018-01-24 13:00:00+03:00,13.558333333333332
2018-01-24 14:00:00+03:00,15.144583333333335
2018-01-24 15:00:00+03:00,16.25086956521739
2018-01-24 16:00:00+03:00,15.190833333333332
2018-01-24 17:00:00+03:00,13.769583333333335
2018-01-24 18:00:00+03:00,13.517916666666666
2018-01-24 19:00:00+03:00,14.017916666666666
2018-01-24 20:00:00+03:00,13.517083333333334
2018-01-24 21:00:00+03:00,13.489166666666668
2018-01-24 22:00:00+03:00,13.544583333333334
2018-01-24 23:00:00+03:00,13.55375
2018-01-25 00:00:00+03:00,13.135416666666666
2018-01-25 01:00:00+03:00,13.06
2018-01-25 02:00:00+03:00,13.097499999999998
2018-01-25 03:00:00+03:00,13.46875
2018-01-25 04:00:00+03:00,13.413478260869566
2018-01-25 05:00:00+03:00,13.135416666666666
2018-01-25 06:00:00+03:00,14.275416666666667
2018-01-25 07:00:00+03:00,14.613333333333332
2018-01-25 08:00:00+03:00,11.883333333333333
2018-01-25 09:00:00+03:00,10.906666666666666
2018-01-25 10:00:00+03:00,11.194761904761904
2018-01-25 11:00:00+03:00,13.331428571428571
2018-01-25 12:00:00+03:00,14.626086956521737
2018-01-25 13:00:00+03:00,14.812916666666666
2018-01-25 14:00:00+03:00,17.407083333333333
2018-01-25 15:00:00+03:00,17.269130434782607
2018-01-25 16:00:00+03:00,14.606666666666667
2018-01-25 17:00:00+03:00,13.495
2018-01-25 18:00:00+03:00,14.144166666666665
2018-01-25 19:00:00+03:00,13.477916666666667
2018-01-25 20:00:00+03:00,13.964166666666666
2018-01-25 21:00:00+03:00,15.2975
2018-01-25 22:00:00+03:00,14.944166666666668
2018-01-25 23:00:00+03:00,14.802083333333334
2018-01-26 00:00:00+03:00,14.377083333333333
2018-01-26 01:00:00+03:00,13.660416666666668
2018-01-26 02:00:00+03:00,13.3375
2018-01-26 03:00:00+03:00,12.67
2018-01-26 04:00:00+03:00,13.399583333333332
2018-01-26 05:00:00+03:00,13.822608695652175
2018-01-26 06:00:00+03:00,13.027916666666668
2018-01-26 07:00:00+03:00,12.846666666666666
2018-01-26 08:00:00+03:00,11.693333333333333
2018-01-26 09:00:00+03:00,9.516250000000001
2018-01-26 10:00:00+03:00,8.64809523809524
2018-01-26 11:00:00+03:00,8.160833333333333
2018-01-26 12:00:00+03:00,8.959583333333333
2018-01-26 13:00:00+03:00,8.4475
2018-01-26 14:00:00+03:00,8.832916666666668
2018-01-26 15:00:00+03:00,8.73695652173913
2018-01-26 16:00:00+03:00,8.134782608695652
2018-01-26 17:00:00+03:00,7.767499999999999
2018-01-26 18:00:00+03:00,9.810416666666667
2018-01-26 19:00:00+03:00,10.054583333333333
2018-01-26 20:00:00+03:00,10.039166666666667
2018-01-26 21:00:00+03:00,10.23625
2018-01-26 22:00:00+03:00,10.131666666666666
2018-01-26 23:00:00+03:00,10.362499999999999
2018-01-27 00:00:00+03:00,10.38125
2018-01-27 01:00:00+03:00,10.381739130434783
2018-01-27 02:00:00+03:00,10.37
2018-01-27 03:00:00+03:00,10.8175
2018-01-27 04:00:00+03:00,11.052916666666667
2018-01-27 05:00:00+03:00,11.322083333333333
2018-01-27 06:00:00+03:00,11.349166666666667
2018-01-27 07:00:00+03:00,10.527916666666666
2018-01-27 08:00:00+03:00,9.259583333333333
2018-01-27 09:00:00+03:00,9.042916666666667
2018-01-27 10:00:00+03:00,8.757083333333332
2018-01-27 11:00:00+03:00,9.40375
2018-01-27 12:00:00+03:00,11.365833333333333
2018-01-27 13:00:00+03:00,11.266666666666666
2018-01-27 14:00:00+03:00,10.49625
2018-01-27 15:00:00+03:00,9.90625
2018-01-27 16:00:00+03:00,9.532083333333334
2018-01-27 17:00:00+03:00,10.246666666666666
2018-01-27 18:00:00+03:00,9.97
2018-01-27 19:00:00+03:00,10.479166666666666
2018-01-27 20:00:00+03:00,12.068333333333333
2018-01-27 21:00:00+03:00,11.170416666666666
2018-01-27 22:00:00+03:00,9.724782608695653
2018-01-27 23:00:00+03:00,9.405833333333334
2018-01-28 00:00:00+03:00,9.842916666666666
2018-01-28 01:00:00+03:00,9.624166666666666
2018-01-28 02:00:00+03:00,9.985416666666667
2018-01-28 03:00:00+03:00,9.495833333333334
2018-01-28 04:00:00+03:00,9.646666666666667
2018-01-28 05:00:00+03:00,9.814583333333333
2018-01-28 06:00:00+03:00,8.824583333333333
2018-01-28 07:00:00+03:00,8.6225
2018-01-28 08:00:00+03:00,7.155333333333333
2018-01-28 09:00:00+03:00,7.0633333333333335
2018-01-28 10:00:00+03:00,7.525833333333334
2018-01-28 11:00:00+03:00,7.7309090909090905
2018-01-28 12:00:00+03:00,7.7309090909090905
2018-01-28 13:00:00+03:00,7.7309090909090905
2018-01-28 14:00:00+03:00,7.662857142857144
2018-01-28 15:00:00+03:00,7.490833333333334
2018-01-28 16:00:00+03:00,7.447916666666667
2018-01-28 17:00:00+03:00,7.3075
2018-01-28 18:00:00+03:00,7.43375
2018-01-28 19:00:00+03:00,7.677499999999999
2018-01-28 20:00:00+03:00,7.98125
2018-01-28 21:00:00+03:00,7.772083333333334
2018-01-28 22:00:00+03:00,7.3445833333333335
2018-01-28 23:00:00+03:00,7.42875
2018-01-29 00:00:00+03:00,7.457083333333333
2018-01-29 01:00:00+03:00,7.399166666666667
2018-01-29 02:00:00+03:00,7.229166666666667
2018-01-29 03:00:00+03:00,7.234999999999999
2018-01-29 04:00:00+03:00,7.304166666666667
2018-01-29 05:00:00+03:00,7.335833333333333
2018-01-29 06:00:00+03:00,7.545833333333333
2018-01-29 07:00:00+03:00,7.508333333333333
2018-01-29 08:00:00+03:00,7.031666666666666
2018-01-29 09:00:00+03:00,7.086521739130435
2018-01-29 10:00:00+03:00,7.634166666666666
2018-01-29 11:00:00+03:00,7.147391304347827
2018-01-29 12:00:00+03:00,7.977916666666666
2018-01-29 13:00:00+03:00,8.808333333333334
2018-01-29 14:00:00+03:00,8.011739130434783
2018-01-29 15:00:00+03:00,7.495652173913044
2018-01-29 16:00:00+03:00,6.92875
2018-01-29 17:00:00+03:00,7.302916666666667
2018-01-29 18:00:00+03:00,7.423750000000001
2018-01-29 19:00:00+03:00,8.42625
2018-01-29 20:00:00+03:00,7.36375
2018-01-29 21:00:00+03:00,7.28375
2018-01-29 22:00:00+03:00,7.07125
2018-01-29 23:00:00+03:00,7.190833333333334
2018-01-30 00:00:00+03:00,7.19875
2018-01-30 01:00:00+03:00,7.1475
2018-01-30 02:00:00+03:00,7.054166666666667
2018-01-30 03:00:00+03:00,7.00875
2018-01-30 04:00:00+03:00,6.178260869565217
2018-01-30 05:00:00+03:00,6.309166666666666
2018-01-30 06:00:00+03:00,6.834583333333334
2018-01-30 07:00:00+03:00,7.059583333333333
2018-01-30 08:00:00+03:00,5.613333333333333
2018-01-30 09:00:00+03:00,5.602916666666666
2018-01-30 10:00:00+03:00,5.87875
2018-01-30 11:00:00+03:00,6.173571428571429
2018-01-30 12:00:00+03:00,4.828333333333333
2018-01-30 13:00:00+03:00,5.976153846153846
2018-01-30 14:00:00+03:00,6.602307692307692
2018-01-30 15:00:00+03:00,6.335384615384616
2018-01-30 16:00:00+03:00,5.933076923076923
2018-01-30 17:00:00+03:00,6.340000000000001
2018-01-30 18:00:00+03:00,7.275384615384615
2018-01-30 19:00:00+03:00,7.239285714285714
2018-01-30 20:00:00+03:00,6.526521739130436
2018-01-30 21:00:00+03:00,6.5254166666666675
2018-01-30 22:00:00+03:00,6.687916666666666
2018-01-30 23:00:00+03:00,6.983750000000001
2018-01-31 00:00:00+03:00,6.754583333333334
2018-01-31 01:00:00+03:00,6.146249999999999
2018-01-31 02:00:00+03:00,6.190833333333334
2018-01-31 03:00:00+03:00,6.4425
2018-01-31 04:00:00+03:00,6.59
2018-01-31 05:00:00+03:00,6.90375
2018-01-31 06:00:00+03:00,7.194583333333334
2018-01-31 07:00:00+03:00,6.909583333333334
2018-01-31 08:00:00+03:00,6.4316666666666675
2018-01-31 09:00:00+03:00,5.538181818181818
2018-01-31 10:00:00+03:00,4.47875
2018-01-31 11:00:00+03:00,5.079583333333333
2018-01-31 12:00:00+03:00,5.6620833333333325
2018-01-31 13:00:00+03:00,6.176521739130435
2018-01-31 14:00:00+03:00,5.375416666666666
2018-01-31 15:00:00+03:00,5.055217391304348
2018-01-31 16:00:00+03:00,5.122173913043478
2018-01-31 17:00:00+03:00,5.094347826086957
2018-01-31 18:00:00+03:00,5.230416666666667
2018-01-31 19:00:00+03:00,5.479583333333333
2018-01-31 20:00:00+03:00,5.255
2018-01-31 21:00:00+03:00,5.291666666666667
2018-01-31 22:00:00+03:00,5.0
2018-01-31 23:00:00+03:00,4.965833333333333
2018-02-01 00:00:00+03:00,4.8012500000000005
2018-02-01 01:00:00+03:00,5.0304166666666665
2018-02-01 02:00:00+03:00,5.06125
2018-02-01 03:00:00+03:00,5.09125
2018-02-01 04:00:00+03:00,5.35125
2018-02-01 05:00:00+03:00,5.452083333333333
2018-02-01 06:00:00+03:00,5.401666666666667
2018-02-01 07:00:00+03:00,5.49125
2018-02-01 08:00:00+03:00,8.818333333333333
2018-02-01 09:00:00+03:00,5.172173913043479
2018-02-01 10:00:00+03:00,4.644583333333333
2018-02-01 11:00:00+03:00,5.414166666666667
2018-02-01 12:00:00+03:00,5.322608695652174
2018-02-01 13:00:00+03:00,5.148750000000001
2018-02-01 14:00:00+03:00,4.9504166666666665
2018-02-01 15:00:00+03:00,5.393636363636364
2018-02-01 16:00:00+03:00,5.15625
2018-02-01 17:00:00+03:00,5.116666666666666
2018-02-01 18:00:00+03:00,5.864999999999999
2018-02-01 19:00:00+03:00,5.12125
2018-02-01 20:00:00+03:00,5.345652173913043
2018-02-01 21:00:00+03:00,5.527916666666667
2018-02-01 22:00:00+03:00,5.785416666666666
2018-02-01 23:00:00+03:00,5.990416666666667
2018-02-02 00:00:00+03:00,5.790416666666666
2018-02-02 01:00:00+03:00,6.170000000000001
2018-02-02 02:00:00+03:00,6.692916666666666
2018-02-02 03:00:00+03:00,6.197916666666667
2018-02-02 04:00:00+03:00,6.269166666666667
2018-02-02 05:00:00+03:00,6.195416666666667
2018-02-02 06:00:00+03:00,6.2195833333333335
2018-02-02 07:00:00+03:00,6.071666666666666
2018-02-02 08:00:00+03:00,5.309583333333333
2018-02-02 09:00:00+03:00,4.206521739130435
2018-02-02 10:00:00+03:00,9.580833333333333
2018-02-02 11:00:00+03:00,7.672631578947368
2018-02-02 12:00:00+03:00,5.627826086956522
2018-02-02 13:00:00+03:00,4.935238095238096
2018-02-02 14:00:00+03:00,5.758823529411765
2018-02-02 15:00:00+03:00,5.180434782608696
2018-02-02 16:00:00+03:00,5.0825000000000005
2018-02-02 17:00:00+03:00,4.980416666666667
2018-02-02 18:00:00+03:00,5.343333333333334
2018-02-02 19:00:00+03:00,5.482500000000001
2018-02-02 20:00:00+03:00,5.5058333333333325
2018-02-02 21:00:00+03:00,5.54
2018-02-02 22:00:00+03:00,5.690416666666667
2018-02-02 23:00:00+03:00,5.359583333333333
2018-02-03 00:00:00+03:00,5.218333333333333
2018-02-03 01:00:00+03:00,5.328333333333333
2018-02-03 02:00:00+03:00,5.064583333333333
2018-02-03 03:00:00+03:00,5.101249999999999
2018-02-03 04:00:00+03:00,5.1875
2018-02-03 05:00:00+03:00,5.454166666666667
2018-02-03 06:00:00+03:00,5.40695652173913
2018-02-03 07:00:00+03:00,5.419583333333333
2018-02-03 08:00:00+03:00,4.7775
2018-02-03 09:00:00+03:00,5.865714285714286
2018-02-03 10:00:00+03:00,5.871538461538462
2018-02-03 11:00:00+03:00,6.416428571428571
2018-02-03 12:00:00+03:00,6.983076923076923
2018-02-03 13:00:00+03:00,6.890714285714286
2018-02-03 14:00:00+03:00,7.134615384615385
2018-02-03 15:00:00+03:00,6.158461538461538
2018-02-03 16:00:00+03:00,6.60625
2018-02-03 17:00:00+03:00,6.875
2018-02-03 18:00:00+03:00,7.005
2018-02-03 19:00:00+03:00,6.766521739130434
2018-02-03 20:00:00+03:00,7.13625
2018-02-03 21:00:00+03:00,7.423333333333333
2018-02-03 22:00:00+03:00,7.084166666666667
2018-02-03 23:00:00+03:00,6.799166666666667
2018-02-04 00:00:00+03:00,6.592083333333334
2018-02-04 01:00:00+03:00,7.095
2018-02-04 02:00:00+03:00,6.844166666666666
2018-02-04 03:00:00+03:00,7.037916666666667
2018-02-04 04:00:00+03:00,6.762083333333333
2018-02-04 05:00:00+03:00,6.6620833333333325
2018-02-04 06:00:00+03:00,6.88625
2018-02-04 07:00:00+03:00,6.6812499999999995
2018-02-04 08:00:00+03:00,5.983333333333333
2018-02-04 09:00:00+03:00,5.721666666666667
2018-02-04 10:00:00+03:00,6.153333333333333
2018-02-04 11:00:00+03:00,7.0275
2018-02-04 12:00:00+03:00,7.796250000000001
2018-02-04 13:00:00+03:00,8.074166666666667
2018-02-04 14:00:00+03:00,7.805416666666667
2018-02-04 15:00:00+03:00,8.43
2018-02-04 16:00:00+03:00,9.058333333333334
2018-02-04 17:00:00+03:00,9.349583333333333
2018-02-04 18:00:00+03:00,9.77608695652174
2018-02-04 19:00:00+03:00,10.885416666666666
2018-02-04 20:00:00+03:00,12.377916666666666
2018-02-04 21:00:00+03:00,13.324583333333335
2018-02-04 22:00:00+03:00,14.051250000000001
2018-02-04 23:00:00+03:00,13.626666666666667
2018-02-05 00:00:00+03:00,13.442916666666667
2018-02-05 01:00:00+03:00,12.782499999999999
2018-02-05 02:00:00+03:00,12.507083333333334
2018-02-05 03:00:00+03:00,12.434166666666668
2018-02-05 04:00:00+03:00,13.4
2018-02-05 05:00:00+03:00,13.57625
2018-02-05 06:00:00+03:00,15.09875
2018-02-05 07:00:00+03:00,14.417499999999999
2018-02-05 08:00:00+03:00,13.8275
2018-02-05 09:00:00+03:00,12.67478260869565
2018-02-05 10:00:00+03:00,12.243478260869566
2018-02-05 11:00:00+03:00,15.690833333333332
2018-02-05 12:00:00+03:00,18.382608695652173
2018-02-05 13:00:00+03:00,14.222173913043479
2018-02-05 14:00:00+03:00,20.440833333333334
2018-02-05 15:00:00+03:00,20.197916666666668
2018-02-05 16:00:00+03:00,17.174347826086954
2018-02-05 17:00:00+03:00,17.438695652173916
2018-02-05 18:00:00+03:00,18.71125
2018-02-05 19:00:00+03:00,18.582916666666666
2018-02-05 20:00:00+03:00,18.23782608695652
2018-02-05 21:00:00+03:00,17.17125
2018-02-05 22:00:00+03:00,17.729166666666668
2018-02-05 23:00:00+03:00,16.716521739130435
2018-02-06 00:00:00+03:00,14.31875
2018-02-06 01:00:00+03:00,15.165833333333333
2018-02-06 02:00:00+03:00,14.622608695652174
2018-02-06 03:00:00+03:00,14.029583333333333
2018-02-06 04:00:00+03:00,13.100416666666668
2018-02-06 05:00:00+03:00,12.874782608695652
2018-02-06 06:00:00+03:00,12.874583333333334
2018-02-06 07:00:00+03:00,13.041666666666666
2018-02-06 08:00:00+03:00,12.828260869565218
2018-02-06 09:00:00+03:00,11.238181818181818
2018-02-06 10:00:00+03:00,10.89625
2018-02-06 11:00:00+03:00,11.490555555555554
2018-02-06 12:00:00+03:00,11.547083333333333
2018-02-06 13:00:00+03:00,11.938333333333333
2018-02-06 14:00:00+03:00,11.796086956521739
2018-02-06 15:00:00+03:00,11.721666666666666
2018-02-06 16:00:00+03:00,10.553333333333333
2018-02-06 17:00:00+03:00,12.736666666666666
2018-02-06 18:00:00+03:00,14.206249999999999
2018-02-06 19:00:00+03:00,14.226111111111111
2018-02-06 20:00:00+03:00,13.441666666666668
2018-02-06 21:00:00+03:00,12.725
2018-02-06 22:00:00+03:00,12.28125
2018-02-06 23:00:00+03:00,11.92125
2018-02-07 00:00:00+03:00,12.318333333333333
2018-02-07 01:00:00+03:00,12.253749999999998
2018-02-07 02:00:00+03:00,12.83875
2018-02-07 03:00:00+03:00,12.049583333333333
2018-02-07 04:00:00+03:00,12.6075
2018-02-07 05:00:00+03:00,12.280416666666667
2018-02-07 06:00:00+03:00,12.165833333333333
2018-02-07 07:00:00+03:00,13.538333333333334
2018-02-07 08:00:00+03:00,12.31875
2018-02-07 09:00:00+03:00,11.335
2018-02-07 10:00:00+03:00,10.037083333333333
2018-02-07 11:00:00+03:00,10.355833333333333
2018-02-07 12:00:00+03:00,10.740869565217391
2018-02-07 13:00:00+03:00,13.211538461538462
2018-02-07 14:00:00+03:00,12.917083333333332
2018-02-07 15:00:00+03:00,12.137500000000001
2018-02-07 16:00:00+03:00,12.495833333333332
2018-02-07 17:00:00+03:00,13.77625
2018-02-07 18:00:00+03:00,14.377916666666666
2018-02-07 19:00:00+03:00,14.126666666666667
2018-02-07 20:00:00+03:00,12.834166666666667
2018-02-07 21:00:00+03:00,12.3775
2018-02-07 22:00:00+03:00,12.590416666666668
2018-02-07 23:00:00+03:00,11.415833333333333
2018-02-08 00:00:00+03:00,10.704583333333334
2018-02-08 01:00:00+03:00,10.992083333333333
2018-02-08 02:00:00+03:00,10.969999999999999
2018-02-08 03:00:00+03:00,10.850833333333334
2018-02-08 04:00:00+03:00,10.417083333333332
2018-02-08 05:00:00+03:00,10.148333333333333
2018-02-08 06:00:00+03:00,10.282083333333334
2018-02-08 07:00:00+03:00,10.065
2018-02-08 08:00:00+03:00,8.821666666666667
2018-02-08 09:00:00+03:00,9.736818181818181
2018-02-08 10:00:00+03:00,9.430833333333334
2018-02-08 11:00:00+03:00,8.849565217391303
2018-02-08 12:00:00+03:00,9.583636363636364
2018-02-08 13:00:00+03:00,8.237222222222222
2018-02-08 14:00:00+03:00,7.9624999999999995
2018-02-08 15:00:00+03:00,7.825555555555557
2018-02-08 16:00:00+03:00,7.527083333333334
2018-02-08 17:00:00+03:00,7.554583333333333
2018-02-08 18:00:00+03:00,7.884583333333333
2018-02-08 19:00:00+03:00,8.025833333333333
2018-02-08 20:00:00+03:00,8.03
2018-02-08 21:00:00+03:00,7.804583333333333
2018-02-08 22:00:00+03:00,7.7804166666666665
2018-02-08 23:00:00+03:00,7.885416666666667
2018-02-09 00:00:00+03:00,7.9629166666666675
2018-02-09 01:00:00+03:00,7.75375
2018-02-09 02:00:00+03:00,7.38375
2018-02-09 03:00:00+03:00,6.8879166666666665
2018-02-09 04:00:00+03:00,6.627916666666667
2018-02-09 05:00:00+03:00,6.425416666666667
2018-02-09 06:00:00+03:00,6.468333333333334
2018-02-09 07:00:00+03:00,6.245416666666666
2018-02-09 08:00:00+03:00,5.9875
2018-02-09 09:00:00+03:00,6.02375
2018-02-09 10:00:00+03:00,4.864583333333333
2018-02-09 11:00:00+03:00,4.920416666666667
2018-02-09 12:00:00+03:00,4.711304347826087
2018-02-09 13:00:00+03:00,4.8237499999999995
2018-02-09 14:00:00+03:00,4.8500000000000005
2018-02-09 15:00:00+03:00,4.987272727272727
2018-02-09 16:00:00+03:00,4.836956521739131
2018-02-09 17:00:00+03:00,4.533333333333333
2018-02-09 18:00:00+03:00,4.97625
2018-02-09 19:00:00+03:00,4.779166666666667
2018-02-09 20:00:00+03:00,4.624583333333333
2018-02-09 21:00:00+03:00,4.452083333333333
2018-02-09 22:00:00+03:00,4.317916666666666
2018-02-09 23:00:00+03:00,4.291666666666667
2018-02-10 00:00:00+03:00,3.9908333333333332
2018-02-10 01:00:00+03:00,3.8970833333333332
2018-02-10 02:00:00+03:00,3.873333333333333
2018-02-10 03:00:00+03:00,3.8204166666666666
2018-02-10 04:00:00+03:00,3.6954166666666666
2018-02-10 05:00:00+03:00,3.8979166666666667
2018-02-10 06:00:00+03:00,4.102083333333334
2018-02-10 07:00:00+03:00,3.862916666666667
2018-02-10 08:00:00+03:00,3.9066666666666667
2018-02-10 09:00:00+03:00,4.321666666666666
2018-02-10 10:00:00+03:00,4.4279166666666665
2018-02-10 11:00:00+03:00,4.796666666666667
2018-02-10 12:00:00+03:00,4.501666666666667
2018-02-10 13:00:00+03:00,4.195833333333334
2018-02-10 14:00:00+03:00,3.5475
2018-02-10 15:00:00+03:00,3.922916666666667
2018-02-10 16:00:00+03:00,3.93125
2018-02-10 17:00:00+03:00,3.8183333333333334
2018-02-10 18:00:00+03:00,4.052083333333333
2018-02-10 19:00:00+03:00,4.205416666666666
2018-02-10 20:00:00+03:00,4.326666666666667
2018-02-10 21:00:00+03:00,4.937083333333333
2018-02-10 22:00:00+03:00,4.61625
2018-02-10 23:00:00+03:00,4.635416666666667
2018-02-11 00:00:00+03:00,4.739166666666667
2018-02-11 01:00:00+03:00,4.7716666666666665
2018-02-11 02:00:00+03:00,5.036666666666666
2018-02-11 03:00:00+03:00,4.847083333333333
2018-02-11 04:00:00+03:00,4.777916666666667
2018-02-11 05:00:00+03:00,4.64
2018-02-11 06:00:00+03:00,4.535416666666666
2018-02-11 07:00:00+03:00,4.189583333333333
2018-02-11 08:00:00+03:00,3.9304166666666664
2018-02-11 09:00:00+03:00,4.3225
2018-02-11 10:00:00+03:00,4.37
2018-02-11 11:00:00+03:00,4.796666666666667
2018-02-11 12:00:00+03:00,4.7612499999999995
2018-02-11 13:00:00+03:00,4.18625
2018-02-11 14:00:00+03:00,4.054583333333333
2018-02-11 15:00:00+03:00,4.177083333333333
2018-02-11 16:00:00+03:00,3.983333333333333
2018-02-11 17:00:00+03:00,4.082083333333333
2018-02-11 18:00:00+03:00,4.18625
2018-02-11 19:00:00+03:00,8.084999999999999
2018-02-11 20:00:00+03:00,5.384166666666666
2018-02-11 21:00:00+03:00,4.869285714285715
2018-02-11 22:00:00+03:00,4.492142857142857
2018-02-11 23:00:00+03:00,4.4423076923076925
2018-02-12 00:00:00+03:00,4.338571428571429
2018-02-12 01:00:00+03:00,3.8638461538461537
2018-02-12 02:00:00+03:00,3.5357142857142856
2018-02-12 03:00:00+03:00,3.19
2018-02-12 04:00:00+03:00,3.422173913043478
2018-02-12 05:00:00+03:00,3.3470833333333334
2018-02-12 06:00:00+03:00,3.4029166666666666
2018-02-12 07:00:00+03:00,3.23
2018-02-12 08:00:00+03:00,3.5833333333333335
2018-02-12 09:00:00+03:00,4.146521739130435
2018-02-12 10:00:00+03:00,3.3074999999999997
2018-02-12 11:00:00+03:00,2.904166666666667
2018-02-12 12:00:00+03:00,2.8229166666666665
2018-02-12 13:00:00+03:00,2.8354166666666667
2018-02-12 14:00:00+03:00,3.408333333333333
2018-02-12 15:00:00+03:00,2.797916666666667
2018-02-12 16:00:00+03:00,2.8320833333333333
2018-02-12 17:00:00+03:00,3.1316666666666664
2018-02-12 18:00:00+03:00,3.56625
2018-02-12 19:00:00+03:00,4.29
2018-02-12 20:00:00+03:00,4.095416666666666
2018-02-12 21:00:00+03:00,3.810416666666667
2018-02-12 22:00:00+03:00,3.546666666666667
2018-02-12 23:00:00+03:00,3.638333333333333
2018-02-13 00:00:00+03:00,3.518333333333333
2018-02-13 01:00:00+03:00,3.5025
2018-02-13 02:00:00+03:00,3.35
2018-02-13 03:00:00+03:00,3.4895833333333335
2018-02-13 04:00:00+03:00,3.3629166666666666
2018-02-13 05:00:00+03:00,3.4104166666666664
2018-02-13 06:00:00+03:00,3.4858333333333333
2018-02-13 07:00:00+03:00,3.1995833333333334
2018-02-13 08:00:00+03:00,3.5895833333333336
2018-02-13 09:00:00+03:00,5.51875
2018-02-13 10:00:00+03:00,3.380434782608696
2018-02-13 11:00:00+03:00,3.754583333333333
2018-02-13 12:00:00+03:00,3.0565714285714285
2018-02-13 13:00:00+03:00,2.884722222222222
2018-02-13 14:00:00+03:00,2.9891666666666667
2018-02-13 15:00:00+03:00,2.7427777777777775
2018-02-13 16:00:00+03:00,2.9228571428571426
2018-02-13 17:00:00+03:00,2.8966666666666665
2018-02-13 18:00:00+03:00,3.398285714285714
2018-02-13 19:00:00+03:00,3.5086486486486486
2018-02-13 20:00:00+03:00,3.224
2018-02-13 21:00:00+03:00,3.265405405405405
2018-02-13 22:00:00+03:00,3.3944444444444444
2018-02-13 23:00:00+03:00,3.3433333333333333
2018-02-14 00:00:00+03:00,3.5545714285714283
2018-02-14 01:00:00+03:00,3.3580555555555556
2018-02-14 02:00:00+03:00,2.9988888888888887
2018-02-14 03:00:00+03:00,2.9516666666666667
2018-02-14 04:00:00+03:00,3.31
2018-02-14 05:00:00+03:00,3.4869444444444446
2018-02-14 06:00:00+03:00,5.110555555555555
2018-02-14 07:00:00+03:00,8.928108108108107
2018-02-14 08:00:00+03:00,10.527714285714286
2018-02-14 09:00:00+03:00,13.713714285714286
2018-02-14 10:00:00+03:00,5.578285714285714
2018-02-14 11:00:00+03:00,2.81
2018-02-14 12:00:00+03:00,1.43
2018-02-14 13:00:00+03:00,1.37375
2018-02-14 14:00:00+03:00,1.7983333333333331
2018-02-14 15:00:00+03:00,1.8888571428571428
2018-02-14 16:00:00+03:00,1.8119047619047617
2018-02-14 17:00:00+03:00,1.8416666666666666
2018-02-14 18:00:00+03:00,2.523611111111111
2018-02-14 19:00:00+03:00,4.080277777777777
2018-02-14 20:00:00+03:00,5.785833333333333
2018-02-14 21:00:00+03:00,5.949722222222222
2018-02-14 22:00:00+03:00,4.7186111111111115
2018-02-14 23:00:00+03:00,4.432
2018-02-15 00:00:00+03:00,2.2019444444444445
2018-02-15 01:00:00+03:00,2.1375
2018-02-15 02:00:00+03:00,2.5777777777777775
2018-02-15 03:00:00+03:00,4.993055555555555
2018-02-15 04:00:00+03:00,12.600277777777778
2018-02-15 05:00:00+03:00,15.419444444444444
2018-02-15 06:00:00+03:00,22.915555555555557
2018-02-15 07:00:00+03:00,28.72555555555555
2018-02-15 08:00:00+03:00,23.839444444444446
2018-02-15 09:00:00+03:00,10.350857142857144
2018-02-15 10:00:00+03:00,5.262222222222222
2018-02-15 11:00:00+03:00,5.386
2018-02-15 12:00:00+03:00,6.050000000000001
2018-02-15 13:00:00+03:00,2.826
2018-02-15 14:00:00+03:00,1.9283333333333335
2018-02-15 15:00:00+03:00,1.9075
2018-02-15 16:00:00+03:00,1.6077777777777778
2018-02-15 17:00:00+03:00,1.4947222222222223
2018-02-15 18:00:00+03:00,1.7044444444444444
2018-02-15 19:00:00+03:00,1.64
2018-02-15 20:00:00+03:00,1.8105555555555557
2018-02-15 21:00:00+03:00,1.6625
2018-02-15 22:00:00+03:00,1.4208333333333334
2018-02-15 23:00:00+03:00,1.205
2018-02-16 00:00:00+03:00,1.1558333333333333
2018-02-16 01:00:00+03:00,1.0927777777777778
2018-02-16 02:00:00+03:00,1.078888888888889
2018-02-16 03:00:00+03:00,1.0747222222222221
2018-02-16 04:00:00+03:00,1.1508333333333334
2018-02-16 05:00:00+03:00,1.2533333333333332
2018-02-16 06:00:00+03:00,1.3283333333333334
2018-02-16 07:00:00+03:00,1.3858333333333333
2018-02-16 08:00:00+03:00,1.3163888888888888
2018-02-16 09:00:00+03:00,1.3244444444444445
2018-02-16 10:00:00+03:00,1.281388888888889
2018-02-16 11:00:00+03:00,1.4197142857142857
2018-02-16 12:00:00+03:00,1.6775
2018-02-16 13:00:00+03:00,2.0969444444444445
2018-02-16 14:00:00+03:00,1.8605714285714288
2018-02-16 15:00:00+03:00,2.024857142857143
2018-02-16 16:00:00+03:00,1.9544444444444444
2018-02-16 17:00:00+03:00,2.2933333333333334
2018-02-16 18:00:00+03:00,2.6555555555555554
2018-02-16 19:00:00+03:00,2.5358333333333336
2018-02-16 20:00:00+03:00,2.723611111111111
2018-02-16 21:00:00+03:00,2.7630555555555554
2018-02-16 22:00:00+03:00,2.633611111111111
2018-02-16 23:00:00+03:00,2.566666666666667
2018-02-17 00:00:00+03:00,2.716666666666667
2018-02-17 01:00:00+03:00,3.1199999999999997
2018-02-17 02:00:00+03:00,3.5458333333333334
2018-02-17 03:00:00+03:00,3.3419444444444446
2018-02-17 04:00:00+03:00,3.4466666666666668
2018-02-17 05:00:00+03:00,3.532222222222222
2018-02-17 06:00:00+03:00,3.701388888888889
2018-02-17 07:00:00+03:00,3.105714285714286
2018-02-17 08:00:00+03:00,2.5811428571428574
2018-02-17 09:00:00+03:00,3.0372222222222223
2018-02-17 10:00:00+03:00,6.280833333333334
2018-02-17 11:00:00+03:00,3.9497222222222224
2018-02-17 12:00:00+03:00,3.0814285714285714
2018-02-17 13:00:00+03:00,4.012499999999999
2018-02-17 14:00:00+03:00,2.8608333333333333
2018-02-17 15:00:00+03:00,2.712222222222222
2018-02-17 16:00:00+03:00,2.7288888888888887
2018-02-17 17:00:00+03:00,2.6705555555555556
2018-02-17 18:00:00+03:00,2.7350000000000003
2018-02-17 19:00:00+03:00,2.7975
2018-02-17 20:00:00+03:00,2.893888888888889
2018-02-17 21:00:00+03:00,4.367857142857143
2018-02-17 22:00:00+03:00,3.3556
2018-02-17 23:00:00+03:00,2.8230769230769233
2018-02-18 00:00:00+03:00,2.8204000000000002
2018-02-18 01:00:00+03:00,2.9815384615384612
2018-02-18 02:00:00+03:00,2.8684
2018-02-18 03:00:00+03:00,2.976923076923077
2018-02-18 04:00:00+03:00,2.6812903225806455
2018-02-18 05:00:00+03:00,2.7591666666666668
2018-02-18 06:00:00+03:00,8.160277777777777
2018-02-18 07:00:00+03:00,24.465833333333332
2018-02-18 08:00:00+03:00,23.831388888888892
2018-02-18 09:00:00+03:00,9.184722222222222
2018-02-18 10:00:00+03:00,4.981944444444444
2018-02-18 11:00:00+03:00,3.2519444444444447
2018-02-18 12:00:00+03:00,2.6947222222222225
2018-02-18 13:00:00+03:00,2.33
2018-02-18 14:00:00+03:00,2.4427777777777777
2018-02-18 15:00:00+03:00,2.3136111111111113
2018-02-18 16:00:00+03:00,2.0283333333333333
2018-02-18 17:00:00+03:00,2.228
2018-02-18 18:00:00+03:00,2.378611111111111
2018-02-18 19:00:00+03:00,2.6172222222222223
2018-02-18 20:00:00+03:00,2.3569444444444443
2018-02-18 21:00:00+03:00,2.2469444444444444
2018-02-18 22:00:00+03:00,2.4286111111111115
2018-02-18 23:00:00+03:00,2.5897222222222225
2018-02-19 00:00:00+03:00,2.4719444444444445
2018-02-19 01:00:00+03:00,2.4608333333333334
2018-02-19 02:00:00+03:00,2.407222222222222
2018-02-19 03:00:00+03:00,2.322777777777778
2018-02-19 04:00:00+03:00,2.968888888888889
2018-02-19 05:00:00+03:00,6.827222222222222
2018-02-19 06:00:00+03:00,8.786944444444444
2018-02-19 07:00:00+03:00,11.163611111111111
2018-02-19 08:00:00+03:00,9.798055555555557
2018-02-19 09:00:00+03:00,4.476666666666667
2018-02-19 10:00:00+03:00,2.4244444444444446
2018-02-19 11:00:00+03:00,2.024722222222222
2018-02-19 12:00:00+03:00,2.5876470588235296
2018-02-19 13:00:00+03:00,2.3932352941176473
2018-02-19 14:00:00+03:00,2.02
2018-02-19 15:00:00+03:00,2.1142424242424243
2018-02-19 16:00:00+03:00,2.0344444444444445
2018-02-19 17:00:00+03:00,1.7097222222222221
2018-02-19 18:00:00+03:00,2.6241666666666665
2018-02-19 19:00:00+03:00,6.095
2018-02-19 20:00:00+03:00,5.474444444444445
2018-02-19 21:00:00+03:00,3.7374285714285715
2018-02-19 22:00:00+03:00,4.274571428571429
2018-02-19 23:00:00+03:00,4.157777777777778
2018-02-20 00:00:00+03:00,3.236111111111111
2018-02-20 01:00:00+03:00,1.6319444444444444
2018-02-20 02:00:00+03:00,1.9533333333333336
2018-02-20 03:00:00+03:00,3.008055555555556
2018-02-20 04:00:00+03:00,5.503055555555555
2018-02-20 05:00:00+03:00,6.966111111111111
2018-02-20 06:00:00+03:00,13.69054054054054
2018-02-20 07:00:00+03:00,18.41942857142857
2018-02-20 08:00:00+03:00,14.540277777777776
2018-02-20 09:00:00+03:00,9.144857142857143
2018-02-20 10:00:00+03:00,2.563611111111111
2018-02-20 11:00:00+03:00,1.4897222222222224
2018-02-20 12:00:00+03:00,2.5811111111111114
2018-02-20 13:00:00+03:00,1.6966666666666665
2018-02-20 14:00:00+03:00,1.2533333333333334
2018-02-20 15:00:00+03:00,1.024
2018-02-20 16:00:00+03:00,0.904
2018-02-20 17:00:00+03:00,1.1633333333333333
2018-02-20 18:00:00+03:00,1.2016666666666667
2018-02-20 19:00:00+03:00,1.4947222222222223
2018-02-20 20:00:00+03:00,2.7905714285714285
2018-02-20 21:00:00+03:00,2.6752777777777776
2018-02-20 22:00:00+03:00,1.6694444444444445
2018-02-20 23:00:00+03:00,2.488888888888889
2018-02-21 00:00:00+03:00,0.8127777777777778
2018-02-21 01:00:00+03:00,0.7591666666666667
2018-02-21 02:00:00+03:00,0.7738888888888888
2018-02-21 03:00:00+03:00,1.2561111111111112
2018-02-21 04:00:00+03:00,1.3847222222222222
2018-02-21 05:00:00+03:00,2.677222222222222
2018-02-21 06:00:00+03:00,10.384166666666665
2018-02-21 07:00:00+03:00,12.428333333333335
2018-02-21 08:00:00+03:00,10.543888888888889
2018-02-21 09:00:00+03:00,5.479722222222223
2018-02-21 10:00:00+03:00,5.391714285714286
2018-02-21 11:00:00+03:00,5.295555555555556
2018-02-21 12:00:00+03:00,2.239411764705882
2018-02-21 13:00:00+03:00,1.5525
2018-02-21 14:00:00+03:00,1.447142857142857
2018-02-21 15:00:00+03:00,1.3254285714285714
2018-02-21 16:00:00+03:00,1.3703030303030304
2018-02-21 17:00:00+03:00,1.0716666666666665
2018-02-21 18:00:00+03:00,1.141081081081081
2018-02-21 19:00:00+03:00,1.3596666666666666
2018-02-21 20:00:00+03:00,1.7975
2018-02-21 21:00:00+03:00,1.9799999999999998
2018-02-21 22:00:00+03:00,1.9799999999999998
2018-02-21 23:00:00+03:00,1.7766666666666668
2018-02-22 00:00:00+03:00,1.2755555555555556
2018-02-22 01:00:00+03:00,1.2827777777777778
2018-02-22 02:00:00+03:00,1.2833333333333334
2018-02-22 03:00:00+03:00,1.3633333333333333
2018-02-22 04:00:00+03:00,1.526388888888889
2018-02-22 05:00:00+03:00,1.8158333333333334
2018-02-22 06:00:00+03:00,2.3158333333333334
2018-02-22 07:00:00+03:00,2.9383333333333335
2018-02-22 08:00:00+03:00,2.8755555555555556
2018-02-22 09:00:00+03:00,2.6991666666666667
2018-02-22 10:00:00+03:00,2.085277777777778
2018-02-22 11:00:00+03:00,2.0525
2018-02-22 12:00:00+03:00,2.3405555555555555
2018-02-22 13:00:00+03:00,2.912
2018-02-22 14:00:00+03:00,2.4077777777777776
2018-02-22 15:00:00+03:00,2.399142857142857
2018-02-22 16:00:00+03:00,2.8925
2018-02-22 17:00:00+03:00,3.2472222222222222
2018-02-22 18:00:00+03:00,3.9777777777777774
2018-02-22 19:00:00+03:00,5.038611111111111
2018-02-22 20:00:00+03:00,5.241388888888888
2018-02-22 21:00:00+03:00,5.7061111111111105
2018-02-22 22:00:00+03:00,6.371111111111111
2018-02-22 23:00:00+03:00,6.954444444444444
2018-02-23 00:00:00+03:00,6.666388888888889
2018-02-23 01:00:00+03:00,6.722777777777778
2018-02-23 02:00:00+03:00,7.420277777777778
2018-02-23 03:00:00+03:00,8.200833333333334
2018-02-23 04:00:00+03:00,8.115277777777777
2018-02-23 05:00:00+03:00,8.670277777777777
2018-02-23 06:00:00+03:00,9.300555555555555
2018-02-23 07:00:00+03:00,8.606666666666666
2018-02-23 08:00:00+03:00,7.329722222222222
2018-02-23 09:00:00+03:00,6.386176470588235
2018-02-23 10:00:00+03:00,6.2244117647058825
2018-02-23 11:00:00+03:00,6.548333333333334
2018-02-23 12:00:00+03:00,6.7378124999999995
2018-02-23 13:00:00+03:00,7.514571428571428
2018-02-23 14:00:00+03:00,7.307941176470588
2018-02-23 15:00:00+03:00,6.935833333333333
2018-02-23 16:00:00+03:00,7.151111111111111
2018-02-23 17:00:00+03:00,6.8502777777777775
2018-02-23 18:00:00+03:00,7.103142857142857
2018-02-23 19:00:00+03:00,7.8925
2018-02-23 20:00:00+03:00,8.639722222222222
2018-02-23 21:00:00+03:00,8.635
2018-02-23 22:00:00+03:00,8.417222222222222
2018-02-23 23:00:00+03:00,8.082777777777778
2018-02-24 00:00:00+03:00,7.581388888888889
2018-02-24 01:00:00+03:00,6.902222222222222
2018-02-24 02:00:00+03:00,6.759166666666667
2018-02-24 03:00:00+03:00,7.264722222222222
2018-02-24 04:00:00+03:00,7.019722222222223
2018-02-24 05:00:00+03:00,6.765277777777778
2018-02-24 06:00:00+03:00,6.935833333333333
2018-02-24 07:00:00+03:00,7.6386111111111115
2018-02-24 08:00:00+03:00,5.767222222222222
2018-02-24 09:00:00+03:00,5.030555555555555
2018-02-24 10:00:00+03:00,5.0905555555555555
2018-02-24 11:00:00+03:00,5.526666666666667
2018-02-24 12:00:00+03:00,5.7811111111111115
2018-02-24 13:00:00+03:00,6.548611111111111
2018-02-24 14:00:00+03:00,6.467499999999999
2018-02-24 15:00:00+03:00,6.563055555555556
2018-02-24 16:00:00+03:00,6.499444444444444
2018-02-24 17:00:00+03:00,6.167222222222223
2018-02-24 18:00:00+03:00,6.716944444444445
2018-02-24 19:00:00+03:00,6.551944444444445
2018-02-24 20:00:00+03:00,6.762777777777778
2018-02-24 21:00:00+03:00,6.975
2018-02-24 22:00:00+03:00,6.843529411764706
2018-02-24 23:00:00+03:00,6.654516129032258
2018-02-25 00:00:00+03:00,6.921388888888888
2018-02-25 01:00:00+03:00,7.111944444444443
2018-02-25 02:00:00+03:00,7.244722222222222
2018-02-25 03:00:00+03:00,7.269166666666667
2018-02-25 04:00:00+03:00,7.2555555555555555
2018-02-25 05:00:00+03:00,7.089722222222222
2018-02-25 06:00:00+03:00,7.081666666666667
2018-02-25 07:00:00+03:00,7.037222222222223
2018-02-25 08:00:00+03:00,6.133611111111112
2018-02-25 09:00:00+03:00,5.696944444444444
2018-02-25 10:00:00+03:00,6.136666666666667
2018-02-25 11:00:00+03:00,6.253333333333334
2018-02-25 12:00:00+03:00,6.550277777777778
2018-02-25 13:00:00+03:00,7.292777777777778
2018-02-25 14:00:00+03:00,7.125833333333334
2018-02-25 15:00:00+03:00,6.745294117647059
2018-02-25 16:00:00+03:00,6.197333333333333
2018-02-25 17:00:00+03:00,5.772
2018-02-25 18:00:00+03:00,5.663571428571429
2018-02-25 19:00:00+03:00,6.298571428571428
2018-02-25 20:00:00+03:00,6.3
2018-02-25 21:00:00+03:00,5.5369230769230775
2018-02-25 22:00:00+03:00,5.189166666666667
2018-02-25 23:00:00+03:00,5.154722222222222
2018-02-26 00:00:00+03:00,4.940571428571429
2018-02-26 01:00:00+03:00,5.048055555555555
2018-02-26 02:00:00+03:00,4.9238888888888885
2018-02-26 03:00:00+03:00,4.7225
2018-02-26 04:00:00+03:00,4.701388888888889
2018-02-26 05:00:00+03:00,4.938055555555556
2018-02-26 06:00:00+03:00,5.297777777777778
2018-02-26 07:00:00+03:00,4.652222222222222
2018-02-26 08:00:00+03:00,4.071666666666667
2018-02-26 09:00:00+03:00,9.775833333333333
2018-02-26 10:00:00+03:00,6.7725
2018-02-26 11:00:00+03:00,4.448055555555555
2018-02-26 12:00:00+03:00,4.065142857142857
2018-02-26 13:00:00+03:00,4.434
2018-02-26 14:00:00+03:00,4.8624
2018-02-26 15:00:00+03:00,4.788399999999999
2018-02-26 16:00:00+03:00,4.169615384615384
2018-02-26 17:00:00+03:00,4.1152
2018-02-26 18:00:00+03:00,4.544615384615384
2018-02-26 19:00:00+03:00,5.33
2018-02-26 20:00:00+03:00,4.0194117647058825
2018-02-26 21:00:00+03:00,3.8547222222222226
2018-02-26 22:00:00+03:00,3.7841666666666662
2018-02-26 23:00:00+03:00,4.715833333333333
2018-02-27 00:00:00+03:00,4.234444444444445
2018-02-27 01:00:00+03:00,3.8925
2018-02-27 02:00:00+03:00,2.9627777777777777
2018-02-27 03:00:00+03:00,3.0552777777777775
2018-02-27 04:00:00+03:00,13.843333333333334
2018-02-27 05:00:00+03:00,21.121944444444445
2018-02-27 06:00:00+03:00,25.487499999999997
2018-02-27 07:00:00+03:00,28.817222222222224
2018-02-27 08:00:00+03:00,24.287222222222223
2018-02-27 09:00:00+03:00,12.278571428571428
2018-02-27 10:00:00+03:00,5.62
2018-02-27 11:00:00+03:00,3.209142857142857
2018-02-27 12:00:00+03:00,2.2502857142857144
2018-02-27 13:00:00+03:00,2.2837837837837838
2018-02-27 14:00:00+03:00,2.339318181818182
2018-02-27 15:00:00+03:00,2.6193023255813954
2018-02-27 16:00:00+03:00,2.8258695652173915
2018-02-27 17:00:00+03:00,2.660416666666667
2018-02-27 18:00:00+03:00,2.2808333333333333
2018-02-27 19:00:00+03:00,2.4183333333333334
2018-02-27 20:00:00+03:00,2.3228260869565216
2018-02-27 21:00:00+03:00,2.186875
2018-02-27 22:00:00+03:00,2.181489361702128
2018-02-27 23:00:00+03:00,2.1191304347826088
2018-02-28 00:00:00+03:00,1.891086956521739
2018-02-28 01:00:00+03:00,1.9745833333333334
2018-02-28 02:00:00+03:00,1.9630434782608694
2018-02-28 03:00:00+03:00,1.7808333333333335
2018-02-28 04:00:00+03:00,1.9164583333333332
2018-02-28 05:00:00+03:00,1.8339583333333334
2018-02-28 06:00:00+03:00,2.1441666666666666
2018-02-28 07:00:00+03:00,5.53875
2018-02-28 08:00:00+03:00,7.570625
2018-02-28 09:00:00+03:00,3.3425531914893614
2018-02-28 10:00:00+03:00,2.6146666666666665
2018-02-28 11:00:00+03:00,2.9765
2018-02-28 12:00:00+03:00,2.6475
2018-02-28 13:00:00+03:00,3.3579999999999997
2018-02-28 14:00:00+03:00,3.6090000000000004
2018-02-28 15:00:00+03:00,2.50575
2018-02-28 16:00:00+03:00,2.0609756097560976
2018-02-28 17:00:00+03:00,2.125
2018-02-28 18:00:00+03:00,2.604791666666667
2018-02-28 19:00:00+03:00,2.1546153846153846
2018-02-28 20:00:00+03:00,2.215897435897436
2018-02-28 21:00:00+03:00,2.417291666666667
2018-02-28 22:00:00+03:00,2.245833333333333
2018-02-28 23:00:00+03:00,2.598333333333333
2018-03-01 00:00:00+03:00,2.2554166666666666
2018-03-01 01:00:00+03:00,2.172083333333333
2018-03-01 02:00:00+03:00,2.457291666666667
2018-03-01 03:00:00+03:00,2.4263829787234044
2018-03-01 04:00:00+03:00,2.608139534883721
2018-03-01 05:00:00+03:00,2.713469387755102
2018-03-01 06:00:00+03:00,3.278333333333333
2018-03-01 07:00:00+03:00,3.849375
2018-03-01 08:00:00+03:00,5.051621621621622
2018-03-01 09:00:00+03:00,4.749444444444444
2018-03-01 10:00:00+03:00,2.9690697674418605
2018-03-01 11:00:00+03:00,3.0104444444444445
2018-03-01 12:00:00+03:00,3.855625
2018-03-01 13:00:00+03:00,4.776052631578947
2018-03-01 14:00:00+03:00,5.498857142857143
2018-03-01 15:00:00+03:00,4.916279069767442
2018-03-01 16:00:00+03:00,7.384782608695652
2018-03-01 17:00:00+03:00,5.31448275862069
2018-03-01 18:00:00+03:00,4.395882352941177
2018-03-01 19:00:00+03:00,2.5980000000000003
2018-03-01 20:00:00+03:00,4.323421052631579
2018-03-01 21:00:00+03:00,4.20945945945946
2018-03-01 22:00:00+03:00,5.678888888888888
2018-03-01 23:00:00+03:00,7.911578947368421
2018-03-02 00:00:00+03:00,12.378958333333335
2018-03-02 01:00:00+03:00,14.906666666666666
2018-03-02 02:00:00+03:00,9.970625
2018-03-02 03:00:00+03:00,6.345833333333334
2018-03-02 04:00:00+03:00,8.278936170212766
2018-03-02 05:00:00+03:00,23.529583333333335
2018-03-02 06:00:00+03:00,15.4775
2018-03-02 07:00:00+03:00,18.7968085106383
2018-03-02 08:00:00+03:00,17.954146341463414
2018-03-02 09:00:00+03:00,9.150571428571428
2018-03-02 10:00:00+03:00,4.7841025641025645
2018-03-02 11:00:00+03:00,3.457631578947368
2018-03-02 12:00:00+03:00,3.3957142857142855
2018-03-02 13:00:00+03:00,3.218709677419355
2018-03-02 14:00:00+03:00,3.429111111111111
2018-03-02 15:00:00+03:00,4.1118421052631575
2018-03-02 16:00:00+03:00,4.29
2018-03-02 17:00:00+03:00,4.512553191489362
2018-03-02 18:00:00+03:00,4.883333333333334
2018-03-02 19:00:00+03:00,5.885319148936171
2018-03-02 20:00:00+03:00,7.064166666666666
2018-03-02 21:00:00+03:00,5.968541666666667
2018-03-02 22:00:00+03:00,5.671458333333334
2018-03-02 23:00:00+03:00,4.419791666666667
2018-03-03 00:00:00+03:00,3.9304166666666664
2018-03-03 01:00:00+03:00,3.5841666666666665
2018-03-03 02:00:00+03:00,3.2358333333333333
2018-03-03 03:00:00+03:00,2.936458333333333
2018-03-03 04:00:00+03:00,2.535625
2018-03-03 05:00:00+03:00,4.254791666666667
2018-03-03 06:00:00+03:00,5.999583333333334
2018-03-03 07:00:00+03:00,7.408124999999999
2018-03-03 08:00:00+03:00,8.058478260869565
2018-03-03 09:00:00+03:00,7.927916666666667
2018-03-03 10:00:00+03:00,22.698510638297872
2018-03-03 11:00:00+03:00,11.794583333333334
2018-03-03 12:00:00+03:00,7.023076923076922
2018-03-03 13:00:00+03:00,4.868333333333333
2018-03-03 14:00:00+03:00,5.225714285714286
2018-03-03 15:00:00+03:00,4.888235294117647
2018-03-03 16:00:00+03:00,5.309655172413793
2018-03-03 17:00:00+03:00,3.9079411764705885
2018-03-03 18:00:00+03:00,2.980625
2018-03-03 19:00:00+03:00,2.7183870967741934
2018-03-03 20:00:00+03:00,9.458636363636364
2018-03-03 21:00:00+03:00,10.194146341463414
2018-03-03 22:00:00+03:00,13.25945945945946
2018-03-03 23:00:00+03:00,4.116153846153846
2018-03-04 00:00:00+03:00,3.277872340425532
2018-03-04 01:00:00+03:00,4.945625000000001
2018-03-04 02:00:00+03:00,5.0772916666666665
2018-03-04 03:00:00+03:00,3.1804166666666664
2018-03-04 04:00:00+03:00,2.4497916666666666
2018-03-04 05:00:00+03:00,4.977291666666667
2018-03-04 06:00:00+03:00,4.5997916666666665
2018-03-04 07:00:00+03:00,6.319166666666667
2018-03-04 08:00:00+03:00,6.661914893617022
2018-03-04 09:00:00+03:00,4.411276595744681
2018-03-04 10:00:00+03:00,3.0125
2018-03-04 11:00:00+03:00,2.617391304347826
2018-03-04 12:00:00+03:00,1.3680434782608695
2018-03-04 13:00:00+03:00,1.5745833333333332
2018-03-04 14:00:00+03:00,1.6087234042553191
2018-03-04 15:00:00+03:00,2.167560975609756
2018-03-04 16:00:00+03:00,2.30375
2018-03-04 17:00:00+03:00,3.2685365853658532
2018-03-04 18:00:00+03:00,3.7511904761904766
2018-03-04 19:00:00+03:00,3.231951219512195
2018-03-04 20:00:00+03:00,4.776511627906976
2018-03-04 21:00:00+03:00,5.6425
2018-03-04 22:00:00+03:00,5.15
2018-03-04 23:00:00+03:00,4.253243243243244
2018-03-05 00:00:00+03:00,2.8265000000000002
2018-03-05 01:00:00+03:00,3.9133333333333336
2018-03-05 02:00:00+03:00,4.860416666666667
2018-03-05 03:00:00+03:00,4.521041666666666
2018-03-05 04:00:00+03:00,4.711702127659574
2018-03-05 05:00:00+03:00,4.5910416666666665
2018-03-05 06:00:00+03:00,7.068666666666667
2018-03-05 07:00:00+03:00,13.246190476190478
2018-03-05 08:00:00+03:00,14.540238095238097
2018-03-05 09:00:00+03:00,7.876585365853659
2018-03-05 10:00:00+03:00,5.975581395348837
2018-03-05 11:00:00+03:00,5.666956521739131
2018-03-05 12:00:00+03:00,4.5419148936170215
2018-03-05 13:00:00+03:00,4.688888888888889
2018-03-05 14:00:00+03:00,3.905957446808511
2018-03-05 15:00:00+03:00,3.5263636363636364
2018-03-05 16:00:00+03:00,3.413333333333333
2018-03-05 17:00:00+03:00,2.769
2018-03-05 18:00:00+03:00,2.9595454545454545
2018-03-05 19:00:00+03:00,4.040975609756098
2018-03-05 20:00:00+03:00,4.642222222222222
2018-03-05 21:00:00+03:00,4.106944444444444
2018-03-05 22:00:00+03:00,4.743055555555555
2018-03-05 23:00:00+03:00,8.101111111111111
2018-03-06 00:00:00+03:00,9.393055555555556
2018-03-06 01:00:00+03:00,7.227560975609756
2018-03-06 02:00:00+03:00,6.43813953488372
2018-03-06 03:00:00+03:00,7.306190476190476
2018-03-06 04:00:00+03:00,7.385121951219513
2018-03-06 05:00:00+03:00,6.594090909090909
2018-03-06 06:00:00+03:00,11.95804347826087
2018-03-06 07:00:00+03:00,11.317555555555556
2018-03-06 08:00:00+03:00,8.827297297297298
2018-03-06 09:00:00+03:00,8.280714285714286
2018-03-06 10:00:00+03:00,4.837555555555555
2018-03-06 11:00:00+03:00,2.9040000000000004
2018-03-06 12:00:00+03:00,3.429111111111111
2018-03-06 13:00:00+03:00,3.590222222222222
2018-03-06 14:00:00+03:00,3.579047619047619
2018-03-06 15:00:00+03:00,5.258857142857143
2018-03-06 16:00:00+03:00,7.088235294117647
2018-03-06 17:00:00+03:00,8.399189189189189
2018-03-06 18:00:00+03:00,8.397021276595744
2018-03-06 19:00:00+03:00,9.180416666666668
2018-03-06 20:00:00+03:00,10.69
2018-03-06 21:00:00+03:00,11.97318181818182
2018-03-06 22:00:00+03:00,12.125
2018-03-06 23:00:00+03:00,13.054893617021277
2018-03-07 00:00:00+03:00,13.702083333333334
2018-03-07 01:00:00+03:00,14.026875000000002
2018-03-07 02:00:00+03:00,14.075625
2018-03-07 03:00:00+03:00,15.035833333333334
2018-03-07 04:00:00+03:00,14.642083333333334
2018-03-07 05:00:00+03:00,14.611836734693878
2018-03-07 06:00:00+03:00,15.220625
2018-03-07 07:00:00+03:00,14.263191489361702
2018-03-07 08:00:00+03:00,14.325744680851063
2018-03-07 09:00:00+03:00,14.834468085106383
2018-03-07 10:00:00+03:00,14.857209302325582
2018-03-07 11:00:00+03:00,15.054444444444446
2018-03-07 12:00:00+03:00,14.217446808510639
2018-03-07 13:00:00+03:00,12.54093023255814
2018-03-07 14:00:00+03:00,12.41235294117647
2018-03-07 15:00:00+03:00,12.878787878787879
2018-03-07 16:00:00+03:00,11.151612903225805
2018-03-07 17:00:00+03:00,10.98375
2018-03-07 18:00:00+03:00,10.326153846153847
2018-03-07 19:00:00+03:00,10.482692307692307
2018-03-07 20:00:00+03:00,5.304615384615384
2018-03-07 21:00:00+03:00,5.724
2018-03-07 22:00:00+03:00,7.0760000000000005
2018-03-07 23:00:00+03:00,7.93923076923077
2018-03-08 00:00:00+03:00,10.0844
2018-03-08 01:00:00+03:00,9.667058823529413
2018-03-08 02:00:00+03:00,14.310555555555558
2018-03-08 03:00:00+03:00,16.390833333333333
2018-03-08 04:00:00+03:00,11.628648648648648
2018-03-08 05:00:00+03:00,8.669166666666666
2018-03-08 06:00:00+03:00,7.874444444444445
2018-03-08 07:00:00+03:00,9.05888888888889
2018-03-08 08:00:00+03:00,9.192285714285715
2018-03-08 09:00:00+03:00,10.6603125
2018-03-08 10:00:00+03:00,9.546285714285714
2018-03-08 11:00:00+03:00,10.417142857142858
2018-03-08 12:00:00+03:00,10.200000000000001
2018-03-08 13:00:00+03:00,10.003428571428572
2018-03-08 14:00:00+03:00,11.57970588235294
2018-03-08 15:00:00+03:00,14.750571428571428
2018-03-08 16:00:00+03:00,13.531470588235294
2018-03-08 17:00:00+03:00,12.249655172413794
2018-03-08 18:00:00+03:00,12.38846153846154
2018-03-08 19:00:00+03:00,11.566285714285714
2018-03-08 20:00:00+03:00,12.706774193548387
2018-03-08 21:00:00+03:00,10.8965625
2018-03-08 22:00:00+03:00,11.338857142857144
2018-03-08 23:00:00+03:00,10.544444444444444
2018-03-09 00:00:00+03:00,11.96
2018-03-09 01:00:00+03:00,11.449722222222222
2018-03-09 02:00:00+03:00,11.811388888888889
2018-03-09 03:00:00+03:00,11.473333333333334
2018-03-09 04:00:00+03:00,11.001111111111111
2018-03-09 05:00:00+03:00,7.662777777777778
2018-03-09 06:00:00+03:00,5.099166666666666
2018-03-09 07:00:00+03:00,8.464722222222223
2018-03-09 08:00:00+03:00,17.106176470588235
2018-03-09 09:00:00+03:00,14.115217391304347
2018-03-09 10:00:00+03:00,11.428947368421053
2018-03-09 11:00:00+03:00,11.137
2018-03-09 12:00:00+03:00,11.774166666666666
2018-03-09 13:00:00+03:00,11.707083333333332
2018-03-09 14:00:00+03:00,10.477878787878787
2018-03-09 15:00:00+03:00,11.515384615384615
2018-03-09 16:00:00+03:00,11.936774193548388
2018-03-09 17:00:00+03:00,12.266571428571428
2018-03-09 18:00:00+03:00,12.4959375
2018-03-09 19:00:00+03:00,11.274571428571429
2018-03-09 20:00:00+03:00,10.962162162162162
2018-03-09 21:00:00+03:00,10.706111111111111
2018-03-09 22:00:00+03:00,10.626666666666667
2018-03-09 23:00:00+03:00,9.525833333333333
2018-03-10 00:00:00+03:00,6.930588235294117
2018-03-10 01:00:00+03:00,5.610277777777778
2018-03-10 02:00:00+03:00,4.945652173913044
2018-03-10 03:00:00+03:00,4.716666666666667
2018-03-10 04:00:00+03:00,4.3975
2018-03-10 05:00:00+03:00,4.211666666666667
2018-03-10 06:00:00+03:00,4.023076923076923
2018-03-10 07:00:00+03:00,6.873103448275862
2018-03-10 08:00:00+03:00,4.378857142857143
2018-03-10 09:00:00+03:00,3.948709677419355
2018-03-10 10:00:00+03:00,3.8728
2018-03-10 11:00:00+03:00,3.817857142857143
2018-03-10 12:00:00+03:00,3.895483870967742
2018-03-10 13:00:00+03:00,4.270333333333334
2018-03-10 14:00:00+03:00,4.263
2018-03-10 15:00:00+03:00,4.700689655172414
2018-03-10 16:00:00+03:00,4.538888888888889
2018-03-10 17:00:00+03:00,4.776129032258065
2018-03-10 18:00:00+03:00,4.3315625
2018-03-10 19:00:00+03:00,4.981818181818182
2018-03-10 20:00:00+03:00,5.7532000000000005
2018-03-10 21:00:00+03:00,5.878461538461538
2018-03-10 22:00:00+03:00,7.7112
2018-03-10 23:00:00+03:00,8.3704
2018-03-11 00:00:00+03:00,8.9916
2018-03-11 01:00:00+03:00,8.218928571428572
2018-03-11 02:00:00+03:00,7.587272727272727
2018-03-11 03:00:00+03:00,7.77483870967742
2018-03-11 04:00:00+03:00,7.99
2018-03-11 05:00:00+03:00,5.456666666666667
2018-03-11 06:00:00+03:00,4.278148148148149
2018-03-11 07:00:00+03:00,5.791379310344827
2018-03-11 08:00:00+03:00,9.01423076923077
2018-03-11 09:00:00+03:00,6.985833333333333
2018-03-11 10:00:00+03:00,6.766666666666667
2018-03-11 11:00:00+03:00,6.194545454545454
2018-03-11 12:00:00+03:00,5.958333333333333
2018-03-11 13:00:00+03:00,6.208333333333333
2018-03-11 14:00:00+03:00,6.48
2018-03-11 15:00:00+03:00,6.367999999999999
2018-03-11 16:00:00+03:00,5.895882352941177
2018-03-11 17:00:00+03:00,5.682777777777778
2018-03-11 18:00:00+03:00,5.702285714285715
2018-03-11 19:00:00+03:00,6.618611111111111
2018-03-11 20:00:00+03:00,7.25
2018-03-11 21:00:00+03:00,7.676969696969697
2018-03-11 22:00:00+03:00,7.363333333333333
2018-03-11 23:00:00+03:00,7.204545454545454
2018-03-12 00:00:00+03:00,6.898125
2018-03-12 01:00:00+03:00,7.17
2018-03-12 02:00:00+03:00,7.044545454545455
2018-03-12 03:00:00+03:00,7.231818181818182
2018-03-12 04:00:00+03:00,7.5028
2018-03-12 05:00:00+03:00,7.433030303030303
2018-03-12 06:00:00+03:00,8.490588235294117
2018-03-12 07:00:00+03:00,10.93060606060606
2018-03-12 08:00:00+03:00,11.562424242424242
2018-03-12 09:00:00+03:00,13.23235294117647
2018-03-12 10:00:00+03:00,11.524666666666667
2018-03-12 11:00:00+03:00,6.51
2018-03-12 12:00:00+03:00,6.1359375
2018-03-12 13:00:00+03:00,9.693999999999999
2018-03-12 14:00:00+03:00,10.499310344827586
2018-03-12 15:00:00+03:00,12.23181818181818
2018-03-12 16:00:00+03:00,11.468235294117648
2018-03-12 17:00:00+03:00,12.203333333333333
2018-03-12 18:00:00+03:00,10.579166666666667
2018-03-12 19:00:00+03:00,17.262500000000003
2018-03-12 20:00:00+03:00,21.672
2018-03-12 21:00:00+03:00,26.01818181818182
2018-03-12 22:00:00+03:00,26.432307692307692
2018-03-12 23:00:00+03:00,24.83423076923077
2018-03-13 00:00:00+03:00,25.036176470588234
2018-03-13 01:00:00+03:00,26.09472222222222
2018-03-13 02:00:00+03:00,42.13918918918919
2018-03-13 03:00:00+03:00,41.219166666666666
2018-03-13 04:00:00+03:00,12.824722222222222
2018-03-13 05:00:00+03:00,6.954722222222222
2018-03-13 06:00:00+03:00,6.565
2018-03-13 07:00:00+03:00,7.728888888888889
2018-03-13 08:00:00+03:00,7.3036111111111115
2018-03-13 09:00:00+03:00,8.946060606060607
2018-03-13 10:00:00+03:00,4.3542424242424245
2018-03-13 11:00:00+03:00,3.5170000000000003
2018-03-13 12:00:00+03:00,3.5170000000000003
2018-03-13 13:00:00+03:00,3.5170000000000003
2018-03-13 14:00:00+03:00,3.5170000000000003
2018-03-13 15:00:00+03:00,3.5170000000000003
2018-03-13 16:00:00+03:00,3.5170000000000003
2018-03-13 17:00:00+03:00,3.5170000000000003
2018-03-13 18:00:00+03:00,3.5170000000000003
2018-03-13 19:00:00+03:00,3.5170000000000003
2018-03-13 20:00:00+03:00,3.5170000000000003
2018-03-13 21:00:00+03:00,3.5170000000000003
2018-03-13 22:00:00+03:00,3.5170000000000003
2018-03-13 23:00:00+03:00,3.5170000000000003
2018-03-14 00:00:00+03:00,3.5170000000000003
2018-03-14 01:00:00+03:00,3.5170000000000003
2018-03-14 02:00:00+03:00,3.5170000000000003
2018-03-14 03:00:00+03:00,3.5170000000000003
2018-03-14 04:00:00+03:00,3.5170000000000003
2018-03-14 05:00:00+03:00,3.5170000000000003
2018-03-14 06:00:00+03:00,3.5170000000000003
2018-03-14 07:00:00+03:00,3.5170000000000003
2018-03-14 08:00:00+03:00,3.5170000000000003
2018-03-14 09:00:00+03:00,3.5170000000000003
2018-03-14 10:00:00+03:00,4.3978947368421055
2018-03-14 11:00:00+03:00,3.700857142857143
2018-03-14 12:00:00+03:00,3.4932258064516133
2018-03-14 13:00:00+03:00,3.2237037037037037
2018-03-14 14:00:00+03:00,2.623
2018-03-14 15:00:00+03:00,2.6637037037037037
2018-03-14 16:00:00+03:00,2.2205882352941178
2018-03-14 17:00:00+03:00,2.725
2018-03-14 18:00:00+03:00,4.819117647058824
2018-03-14 19:00:00+03:00,6.819677419354838
2018-03-14 20:00:00+03:00,6.389615384615384
2018-03-14 21:00:00+03:00,5.164827586206896
2018-03-14 22:00:00+03:00,5.243428571428572
2018-03-14 23:00:00+03:00,4.514
2018-03-15 00:00:00+03:00,4.051944444444445
2018-03-15 01:00:00+03:00,4.217777777777778
2018-03-15 02:00:00+03:00,4.522222222222222
2018-03-15 03:00:00+03:00,7.78388888888889
2018-03-15 04:00:00+03:00,10.902777777777779
2018-03-15 05:00:00+03:00,17.119722222222222
2018-03-15 06:00:00+03:00,19.227500000000003
2018-03-15 07:00:00+03:00,19.944285714285712
2018-03-15 08:00:00+03:00,15.299705882352942
2018-03-15 09:00:00+03:00,10.613125
2018-03-15 10:00:00+03:00,5.947575757575758
2018-03-15 11:00:00+03:00,4.359666666666667
2018-03-15 12:00:00+03:00,3.0585714285714283
2018-03-15 13:00:00+03:00,2.7458823529411767
2018-03-15 14:00:00+03:00,4.293225806451613
2018-03-15 15:00:00+03:00,2.6986666666666665
2018-03-15 16:00:00+03:00,5.017407407407408
2018-03-15 17:00:00+03:00,6.129677419354839
2018-03-15 18:00:00+03:00,10.831666666666667
2018-03-15 19:00:00+03:00,8.096666666666668
2018-03-15 20:00:00+03:00,4.0325
2018-03-15 21:00:00+03:00,3.3648571428571428
2018-03-15 22:00:00+03:00,3.612222222222222
2018-03-15 23:00:00+03:00,2.547857142857143
2018-03-16 00:00:00+03:00,1.8286206896551724
2018-03-16 01:00:00+03:00,3.8655555555555554
2018-03-16 02:00:00+03:00,2.6861111111111113
2018-03-16 03:00:00+03:00,2.107222222222222
2018-03-16 04:00:00+03:00,2.5191666666666666
2018-03-16 05:00:00+03:00,2.854722222222222
2018-03-16 06:00:00+03:00,7.512777777777777
2018-03-16 07:00:00+03:00,11.493333333333332
2018-03-16 08:00:00+03:00,14.267428571428573
2018-03-16 09:00:00+03:00,7.949393939393939
2018-03-16 10:00:00+03:00,5.283333333333333
2018-03-16 11:00:00+03:00,4.243235294117647
2018-03-16 12:00:00+03:00,3.6493103448275863
2018-03-16 13:00:00+03:00,2.765
2018-03-16 14:00:00+03:00,2.336551724137931
2018-03-16 15:00:00+03:00,2.4196666666666666
2018-03-16 16:00:00+03:00,2.7825806451612904
2018-03-16 17:00:00+03:00,3.6636
2018-03-16 18:00:00+03:00,5.081379310344828
2018-03-16 19:00:00+03:00,4.685833333333333
2018-03-16 20:00:00+03:00,3.0745714285714287
2018-03-16 21:00:00+03:00,2.395
2018-03-16 22:00:00+03:00,2.4903999999999997
2018-03-16 23:00:00+03:00,3.06625
2018-03-17 00:00:00+03:00,4.123928571428571
2018-03-17 01:00:00+03:00,2.4655555555555555
2018-03-17 02:00:00+03:00,1.9069444444444446
2018-03-17 03:00:00+03:00,2.9749999999999996
2018-03-17 04:00:00+03:00,2.1902777777777778
2018-03-17 05:00:00+03:00,4.191388888888889
2018-03-17 06:00:00+03:00,2.846388888888889
2018-03-17 07:00:00+03:00,5.677499999999999
2018-03-17 08:00:00+03:00,6.391111111111111
2018-03-17 09:00:00+03:00,4.926363636363636
2018-03-17 10:00:00+03:00,2.704857142857143
2018-03-17 11:00:00+03:00,1.572962962962963
2018-03-17 12:00:00+03:00,1.8004
2018-03-17 13:00:00+03:00,1.8092
2018-03-17 14:00:00+03:00,1.6245833333333335
2018-03-17 15:00:00+03:00,2.038965517241379
2018-03-17 16:00:00+03:00,2.3191176470588233
2018-03-17 17:00:00+03:00,1.5919444444444446
2018-03-17 18:00:00+03:00,2.5282352941176467
2018-03-17 19:00:00+03:00,1.8241666666666667
2018-03-17 20:00:00+03:00,2.2394285714285713
2018-03-17 21:00:00+03:00,1.9560714285714287
2018-03-17 22:00:00+03:00,1.56
2018-03-17 23:00:00+03:00,1.5317857142857143
2018-03-18 00:00:00+03:00,1.5141666666666667
2018-03-18 01:00:00+03:00,1.4522222222222223
2018-03-18 02:00:00+03:00,1.5557142857142858
2018-03-18 03:00:00+03:00,2.145277777777778
2018-03-18 04:00:00+03:00,2.234166666666667
2018-03-18 05:00:00+03:00,2.4771428571428573
2018-03-18 06:00:00+03:00,6.1866666666666665
2018-03-18 07:00:00+03:00,7.316857142857142
2018-03-18 08:00:00+03:00,6.370833333333334
2018-03-18 09:00:00+03:00,4.989722222222222
2018-03-18 10:00:00+03:00,4.309714285714286
2018-03-18 11:00:00+03:00,3.8952777777777774
2018-03-18 12:00:00+03:00,2.858611111111111
2018-03-18 13:00:00+03:00,2.421666666666667
2018-03-18 14:00:00+03:00,2.1479411764705882
2018-03-18 15:00:00+03:00,2.425142857142857
2018-03-18 16:00:00+03:00,2.977297297297297
2018-03-18 17:00:00+03:00,2.4775
2018-03-18 18:00:00+03:00,5.521944444444444
2018-03-18 19:00:00+03:00,11.899714285714285
2018-03-18 20:00:00+03:00,18.744571428571426
2018-03-18 21:00:00+03:00,18.637777777777778
2018-03-18 22:00:00+03:00,9.063333333333333
2018-03-18 23:00:00+03:00,4.491470588235295
2018-03-19 00:00:00+03:00,3.395555555555555
2018-03-19 01:00:00+03:00,3.901111111111111
2018-03-19 02:00:00+03:00,4.154444444444445
2018-03-19 03:00:00+03:00,4.023888888888889
2018-03-19 04:00:00+03:00,5.286388888888889
2018-03-19 05:00:00+03:00,8.349142857142859
2018-03-19 06:00:00+03:00,10.678611111111111
2018-03-19 07:00:00+03:00,10.862222222222222
2018-03-19 08:00:00+03:00,16.886969696969697
2018-03-19 09:00:00+03:00,15.384545454545455
2018-03-19 10:00:00+03:00,14.846969696969696
2018-03-19 11:00:00+03:00,15.801724137931034
2018-03-19 12:00:00+03:00,16.375357142857144
2018-03-19 13:00:00+03:00,16.855882352941176
2018-03-19 14:00:00+03:00,17.711470588235297
2018-03-19 15:00:00+03:00,15.582727272727274
2018-03-19 16:00:00+03:00,13.259722222222223
2018-03-19 17:00:00+03:00,12.054
2018-03-19 18:00:00+03:00,15.364242424242423
2018-03-19 19:00:00+03:00,14.73470588235294
2018-03-19 20:00:00+03:00,15.017142857142858
2018-03-19 21:00:00+03:00,15.00125
2018-03-19 22:00:00+03:00,14.665
2018-03-19 23:00:00+03:00,13.608181818181817
2018-03-20 00:00:00+03:00,14.06611111111111
2018-03-20 01:00:00+03:00,12.921111111111111
2018-03-20 02:00:00+03:00,15.292222222222222
2018-03-20 03:00:00+03:00,15.534166666666668
2018-03-20 04:00:00+03:00,13.05
2018-03-20 05:00:00+03:00,14.344054054054055
2018-03-20 06:00:00+03:00,13.630555555555555
2018-03-20 07:00:00+03:00,16.010555555555555
2018-03-20 08:00:00+03:00,17.098857142857145
2018-03-20 09:00:00+03:00,13.873870967741935
2018-03-20 10:00:00+03:00,11.28103448275862
2018-03-20 11:00:00+03:00,10.5409375
2018-03-20 12:00:00+03:00,8.2225
2018-03-20 13:00:00+03:00,8.517619047619048
2018-03-20 14:00:00+03:00,9.321290322580644
2018-03-20 15:00:00+03:00,9.264375
2018-03-20 16:00:00+03:00,9.624857142857143
2018-03-20 17:00:00+03:00,8.268235294117646
2018-03-20 18:00:00+03:00,7.850833333333333
2018-03-20 19:00:00+03:00,7.915277777777778
2018-03-20 20:00:00+03:00,7.858611111111112
2018-03-20 21:00:00+03:00,7.9025
2018-03-20 22:00:00+03:00,7.99918918918919
2018-03-20 23:00:00+03:00,7.904999999999999
2018-03-21 00:00:00+03:00,7.693428571428571
2018-03-21 01:00:00+03:00,8.083333333333334
2018-03-21 02:00:00+03:00,8.392777777777777
2018-03-21 03:00:00+03:00,8.27888888888889
2018-03-21 04:00:00+03:00,8.5
2018-03-21 05:00:00+03:00,8.40388888888889
2018-03-21 06:00:00+03:00,9.071388888888889
2018-03-21 07:00:00+03:00,9.449428571428571
2018-03-21 08:00:00+03:00,8.061290322580644
2018-03-21 09:00:00+03:00,8.1724
2018-03-21 10:00:00+03:00,5.555416666666667
2018-03-21 11:00:00+03:00,6.583333333333333
2018-03-21 12:00:00+03:00,7.522962962962963
2018-03-21 13:00:00+03:00,7.841481481481481
2018-03-21 14:00:00+03:00,8.508928571428571
2018-03-21 15:00:00+03:00,9.233333333333333
2018-03-21 16:00:00+03:00,8.327931034482758
2018-03-21 17:00:00+03:00,8.295
2018-03-21 18:00:00+03:00,8.08290322580645
2018-03-21 19:00:00+03:00,8.628
2018-03-21 20:00:00+03:00,8.051666666666668
2018-03-21 21:00:00+03:00,9.132608695652175
2018-03-21 22:00:00+03:00,14.385
2018-03-21 23:00:00+03:00,17.922608695652173
2018-03-22 00:00:00+03:00,9.94125
2018-03-22 01:00:00+03:00,9.324583333333333
2018-03-22 02:00:00+03:00,8.685416666666667
2018-03-22 03:00:00+03:00,8.648333333333333
2018-03-22 04:00:00+03:00,8.1525
2018-03-22 05:00:00+03:00,10.18625
2018-03-22 06:00:00+03:00,17.99416666666667
2018-03-22 07:00:00+03:00,27.66333333333333
2018-03-22 08:00:00+03:00,25.18541666666667
2018-03-22 09:00:00+03:00,8.539166666666667
2018-03-22 10:00:00+03:00,9.05448275862069
2018-03-22 11:00:00+03:00,7.269285714285714
2018-03-22 12:00:00+03:00,6.410833333333334
2018-03-22 13:00:00+03:00,7.188461538461539
2018-03-22 14:00:00+03:00,8.736666666666668
2018-03-22 15:00:00+03:00,7.9255555555555555
2018-03-22 16:00:00+03:00,6.359999999999999
2018-03-22 17:00:00+03:00,6.866923076923077
2018-03-22 18:00:00+03:00,7.100384615384616
2018-03-22 19:00:00+03:00,8.3375
2018-03-22 20:00:00+03:00,8.280833333333334
2018-03-22 21:00:00+03:00,8.364166666666668
2018-03-22 22:00:00+03:00,9.454583333333334
2018-03-22 23:00:00+03:00,8.0128
2018-03-23 00:00:00+03:00,8.22391304347826
2018-03-23 01:00:00+03:00,7.98
2018-03-23 02:00:00+03:00,10.1492
2018-03-23 03:00:00+03:00,9.015416666666667
2018-03-23 04:00:00+03:00,13.385
2018-03-23 05:00:00+03:00,31.3225
2018-03-23 06:00:00+03:00,42.64666666666667
2018-03-23 07:00:00+03:00,48.175000000000004
2018-03-23 08:00:00+03:00,31.050416666666667
2018-03-23 09:00:00+03:00,16.162499999999998
2018-03-23 10:00:00+03:00,12.209999999999999
2018-03-23 11:00:00+03:00,8.947083333333333
2018-03-23 12:00:00+03:00,9.335416666666667
2018-03-23 13:00:00+03:00,9.74
2018-03-23 14:00:00+03:00,8.755
2018-03-23 15:00:00+03:00,9.348333333333334
2018-03-23 16:00:00+03:00,7.934166666666667
2018-03-23 17:00:00+03:00,8.383333333333333
2018-03-23 18:00:00+03:00,10.698333333333332
2018-03-23 19:00:00+03:00,16.197916666666668
2018-03-23 20:00:00+03:00,12.308750000000002
2018-03-23 21:00:00+03:00,14.264583333333334
2018-03-23 22:00:00+03:00,35.45291666666667
2018-03-23 23:00:00+03:00,33.89791666666667
2018-03-24 00:00:00+03:00,27.97791666666667
2018-03-24 01:00:00+03:00,42.25875
2018-03-24 02:00:00+03:00,34.884166666666665
2018-03-24 03:00:00+03:00,21.84875
2018-03-24 04:00:00+03:00,23.8096
2018-03-24 05:00:00+03:00,30.110833333333332
2018-03-24 06:00:00+03:00,49.846666666666664
2018-03-24 07:00:00+03:00,33.13291666666667
2018-03-24 08:00:00+03:00,30.14375
2018-03-24 09:00:00+03:00,11.454583333333334
2018-03-24 10:00:00+03:00,12.020434782608698
2018-03-24 11:00:00+03:00,9.788695652173912
2018-03-24 12:00:00+03:00,3.780416666666667
2018-03-24 13:00:00+03:00,3.0295833333333335
2018-03-24 14:00:00+03:00,3.3625000000000003
2018-03-24 15:00:00+03:00,4.5796
2018-03-24 16:00:00+03:00,4.203888888888889
2018-03-24 17:00:00+03:00,4.909166666666667
2018-03-24 18:00:00+03:00,4.817391304347826
2018-03-24 19:00:00+03:00,7.404583333333334
2018-03-24 20:00:00+03:00,7.919583333333333
2018-03-24 21:00:00+03:00,5.581666666666667
2018-03-24 22:00:00+03:00,4.6137500000000005
2018-03-24 23:00:00+03:00,4.995416666666666
2018-03-25 00:00:00+03:00,4.169583333333334
2018-03-25 01:00:00+03:00,10.556666666666667
2018-03-25 02:00:00+03:00,7.355416666666667
2018-03-25 03:00:00+03:00,14.382083333333334
2018-03-25 04:00:00+03:00,29.637083333333333
2018-03-25 05:00:00+03:00,23.498333333333335
2018-03-25 06:00:00+03:00,14.109166666666667
2018-03-25 07:00:00+03:00,8.19375
2018-03-25 08:00:00+03:00,6.940833333333333
2018-03-25 09:00:00+03:00,7.0687500000000005
2018-03-25 10:00:00+03:00,3.92375
2018-03-25 11:00:00+03:00,1.80875
2018-03-25 12:00:00+03:00,1.96125
2018-03-25 13:00:00+03:00,3.1033333333333335
2018-03-25 14:00:00+03:00,4.598333333333334
2018-03-25 15:00:00+03:00,3.932608695652174
2018-03-25 16:00:00+03:00,2.8316666666666666
2018-03-25 17:00:00+03:00,2.1404166666666664
2018-03-25 18:00:00+03:00,3.1029166666666668
2018-03-25 19:00:00+03:00,6.115833333333334
2018-03-25 20:00:00+03:00,6.167916666666667
2018-03-25 21:00:00+03:00,7.3
2018-03-25 22:00:00+03:00,5.447500000000001
2018-03-25 23:00:00+03:00,5.082916666666667
2018-03-26 00:00:00+03:00,15.535833333333334
2018-03-26 01:00:00+03:00,14.795416666666666
2018-03-26 02:00:00+03:00,3.9254166666666666
2018-03-26 03:00:00+03:00,8.37375
2018-03-26 04:00:00+03:00,4.890416666666667
2018-03-26 05:00:00+03:00,6.7629166666666665
2018-03-26 06:00:00+03:00,34.455416666666665
2018-03-26 07:00:00+03:00,27.964166666666667
2018-03-26 08:00:00+03:00,12.995833333333332
2018-03-26 09:00:00+03:00,9.043333333333333
2018-03-26 10:00:00+03:00,5.381818181818182
2018-03-26 11:00:00+03:00,4.428181818181819
2018-03-26 12:00:00+03:00,4.9525
2018-03-26 13:00:00+03:00,4.482727272727273
2018-03-26 14:00:00+03:00,3.3475
2018-03-26 15:00:00+03:00,5.508181818181818
2018-03-26 16:00:00+03:00,3.655
2018-03-26 17:00:00+03:00,2.0936363636363637
2018-03-26 18:00:00+03:00,2.7383333333333333
2018-03-26 19:00:00+03:00,3.186666666666667
2018-03-26 20:00:00+03:00,3.3558333333333334
2018-03-26 21:00:00+03:00,2.966666666666667
2018-03-26 22:00:00+03:00,3.4416666666666664
2018-03-26 23:00:00+03:00,4.615833333333334
2018-03-27 00:00:00+03:00,7.098333333333334
2018-03-27 01:00:00+03:00,13.3925
2018-03-27 02:00:00+03:00,9.301666666666668
2018-03-27 03:00:00+03:00,11.775
2018-03-27 04:00:00+03:00,8.981666666666667
2018-03-27 05:00:00+03:00,8.18
2018-03-27 06:00:00+03:00,13.259166666666667
2018-03-27 07:00:00+03:00,20.768333333333334
2018-03-27 08:00:00+03:00,20.03666666666667
2018-03-27 09:00:00+03:00,13.9125
2018-03-27 10:00:00+03:00,8.09125
2018-03-27 11:00:00+03:00,2.9717391304347824
2018-03-27 12:00:00+03:00,2.4366666666666665
2018-03-27 13:00:00+03:00,2.191666666666667
2018-03-27 14:00:00+03:00,2.405
2018-03-27 15:00:00+03:00,1.7304166666666667
2018-03-27 16:00:00+03:00,1.719090909090909
2018-03-27 17:00:00+03:00,2.5779166666666664
2018-03-27 18:00:00+03:00,2.9462499999999996
2018-03-27 19:00:00+03:00,6.564166666666666
2018-03-27 20:00:00+03:00,9.7325
2018-03-27 21:00:00+03:00,5.934166666666666
2018-03-27 22:00:00+03:00,5.150833333333334
2018-03-27 23:00:00+03:00,8.292173913043479
2018-03-28 00:00:00+03:00,11.051666666666668
2018-03-28 01:00:00+03:00,26.365416666666665
2018-03-28 02:00:00+03:00,33.60052631578947
2018-03-28 03:00:00+03:00,31.398749999999996
2018-03-28 04:00:00+03:00,15.024166666666666
2018-03-28 05:00:00+03:00,9.659166666666666
2018-03-28 06:00:00+03:00,10.51125
2018-03-28 07:00:00+03:00,19.73391304347826
2018-03-28 08:00:00+03:00,16.320416666666667
2018-03-28 09:00:00+03:00,11.07875
2018-03-28 10:00:00+03:00,7.7250000000000005
2018-03-28 11:00:00+03:00,15.25590909090909
2018-03-28 12:00:00+03:00,9.897499999999999
2018-03-28 13:00:00+03:00,11.399999999999999
2018-03-28 14:00:00+03:00,6.2024
2018-03-28 15:00:00+03:00,6.093076923076922
2018-03-28 16:00:00+03:00,9.566923076923077
2018-03-28 17:00:00+03:00,4.370833333333334
2018-03-28 18:00:00+03:00,4.75125
2018-03-28 19:00:00+03:00,4.591666666666667
2018-03-28 20:00:00+03:00,7.197500000000001
2018-03-28 21:00:00+03:00,12.749166666666667
2018-03-28 22:00:00+03:00,11.912916666666668
2018-03-28 23:00:00+03:00,10.605
2018-03-29 00:00:00+03:00,8.132083333333332
2018-03-29 01:00:00+03:00,11.89
2018-03-29 02:00:00+03:00,33.558
2018-03-29 03:00:00+03:00,29.234583333333333
2018-03-29 04:00:00+03:00,21.46875
2018-03-29 05:00:00+03:00,27.207391304347826
2018-03-29 06:00:00+03:00,20.457083333333333
2018-03-29 07:00:00+03:00,23.189999999999998
2018-03-29 08:00:00+03:00,15.212083333333332
2018-03-29 09:00:00+03:00,15.212083333333332
2018-03-29 10:00:00+03:00,15.212083333333332
2018-03-29 11:00:00+03:00,15.212083333333332
2018-03-29 12:00:00+03:00,4.7075000000000005
2018-03-29 13:00:00+03:00,4.484583333333333
2018-03-29 14:00:00+03:00,4.707916666666667
2018-03-29 15:00:00+03:00,4.707916666666667
2018-03-29 16:00:00+03:00,4.385555555555555
2018-03-29 17:00:00+03:00,4.016666666666667
2018-03-29 18:00:00+03:00,4.016666666666667
2018-03-29 19:00:00+03:00,5.236
2018-03-29 20:00:00+03:00,6.364166666666667
2018-03-29 21:00:00+03:00,6.364166666666667
2018-03-29 22:00:00+03:00,6.364166666666667
2018-03-29 23:00:00+03:00,12.730434782608697
2018-03-30 00:00:00+03:00,8.804166666666667
2018-03-30 01:00:00+03:00,12.0175
2018-03-30 02:00:00+03:00,8.465
2018-03-30 03:00:00+03:00,13.342916666666667
2018-03-30 04:00:00+03:00,12.563333333333333
2018-03-30 05:00:00+03:00,28.91333333333333
2018-03-30 06:00:00+03:00,28.91333333333333
2018-03-30 07:00:00+03:00,24.311
2018-03-30 08:00:00+03:00,12.442083333333334
2018-03-30 09:00:00+03:00,5.6575
2018-03-30 10:00:00+03:00,7.718500000000001
2018-03-30 11:00:00+03:00,1.34
2018-03-30 12:00:00+03:00,1.0891666666666666
2018-03-30 13:00:00+03:00,2.6845833333333338
2018-03-30 14:00:00+03:00,1.4229166666666666
2018-03-30 15:00:00+03:00,1.5225
2018-03-30 16:00:00+03:00,1.567391304347826
2018-03-30 17:00:00+03:00,2.12
2018-03-30 18:00:00+03:00,3.6604166666666664
2018-03-30 19:00:00+03:00,4.5525
2018-03-30 20:00:00+03:00,4.5525
2018-03-30 21:00:00+03:00,5.973333333333333
2018-03-30 22:00:00+03:00,6.078333333333333
2018-03-30 23:00:00+03:00,6.477916666666666
2018-03-31 00:00:00+03:00,4.861666666666667
2018-03-31 01:00:00+03:00,4.284782608695652
2018-03-31 02:00:00+03:00,3.748333333333333
2018-03-31 03:00:00+03:00,5.511304347826087
2018-03-31 04:00:00+03:00,4.972916666666666
2018-03-31 05:00:00+03:00,5.6191666666666675
2018-03-31 06:00:00+03:00,13.1425
2018-03-31 07:00:00+03:00,13.1425
2018-03-31 08:00:00+03:00,2.085
2018-03-31 09:00:00+03:00,5.871666666666666
2018-03-31 10:00:00+03:00,5.871666666666666
2018-03-31 11:00:00+03:00,1.5116666666666667
2018-03-31 12:00:00+03:00,1.5116666666666667
2018-03-31 13:00:00+03:00,1.9511111111111115
2018-03-31 14:00:00+03:00,1.5599999999999998
2018-03-31 15:00:00+03:00,1.3017391304347827
2018-03-31 16:00:00+03:00,0.9
2018-03-31 17:00:00+03:00,2.4066666666666667
2018-03-31 18:00:00+03:00,5.3212
2018-03-31 19:00:00+03:00,18.45
2018-03-31 20:00:00+03:00,16.690416666666668
2018-03-31 21:00:00+03:00,8.459999999999999
2018-03-31 22:00:00+03:00,8.459999999999999
2018-03-31 23:00:00+03:00,5.725
2018-04-01 00:00:00+03:00,8.089166666666666
2018-04-01 01:00:00+03:00,29.476249999999997
2018-04-01 02:00:00+03:00,16.780416666666667
